Organism,class,Sequence_Length
Human,4,207
Human,4,681
Human,3,1686
Human,3,1206
Human,3,1437
Human,3,1686
Human,3,1623
Human,3,1437
Human,3,1623
Human,3,644
Human,3,487
Human,3,356
Human,3,189
Human,3,98
Human,3,85
Human,3,1686
Human,5,2616
Human,5,2616
Human,5,1659
Human,5,2295
Human,5,2436
Human,5,2475
Human,5,2514
Human,2,3525
Human,2,387
Human,2,186
Human,2,587
Human,2,3525
Human,4,1344
Human,4,1569
Human,6,2154
Human,6,2130
Human,6,2289
Human,6,1914
Human,6,996
Human,6,315
Human,6,2289
Human,2,1782
Human,2,525
Human,2,1752
Human,4,897
Human,4,894
Human,0,543
Human,0,1200
Human,0,693
Human,6,3159
Human,6,246
Human,6,405
Human,6,438
Human,6,49
Human,3,1587
Human,3,1167
Human,6,156
Human,6,540
Human,6,615
Human,6,1965
Human,6,2040
Human,6,498
Human,6,480
Human,6,663
Human,6,945
Human,6,1956
Human,6,1977
Human,6,249
Human,6,156
Human,6,288
Human,6,641
Human,6,285
Human,6,1965
Human,6,1803
Human,0,190
Human,0,759
Human,0,387
Human,0,1731
Human,0,1428
Human,0,1629
Human,0,1683
Human,0,1770
Human,0,52
Human,0,267
Human,5,4812
Human,5,4878
Human,5,690
Human,5,4581
Human,5,1515
Human,5,4170
Human,5,903
Human,5,411
Human,5,4929
Human,6,2013
Human,6,2121
Human,6,2049
Human,6,1998
Human,6,2121
Human,6,2049
Human,6,472
Human,6,177
Human,6,1611
Human,6,1341
Human,6,1539
Human,6,951
Human,6,1020
Human,6,147
Human,6,135
Human,6,1410
Human,6,1410
Human,6,505
Human,6,811
Human,0,571
Human,0,3366
Human,0,4017
Human,6,1440
Human,6,966
Human,6,1218
Human,3,1743
Human,6,1455
Human,3,957
Human,3,957
Human,6,1341
Human,6,1161
Human,6,933
Human,6,1050
Human,6,1161
Human,6,1158
Human,6,213
Human,6,345
Human,6,745
Human,6,618
Human,6,661
Human,6,268
Human,6,204
Human,6,138
Human,6,82
Human,6,257
Human,6,1257
Human,6,1458
Human,6,1065
Human,6,819
Human,6,1326
Human,6,139
Human,6,678
Human,4,264
Human,4,369
Human,4,474
Human,4,221
Human,4,346
Human,4,1482
Human,4,1482
Human,4,321
Human,4,244
Human,4,1377
Human,4,123
Human,4,155
Human,4,625
Human,4,264
Human,6,1791
Human,2,2853
Human,2,2940
Human,2,414
Human,2,2670
Human,2,376
Human,2,374
Human,2,498
Human,2,260
Human,2,201
Human,2,159
Human,1,2115
Human,1,2832
Human,2,5724
Human,2,5697
Human,2,788
Human,2,3876
Human,2,4662
Human,2,3999
Human,2,2940
Human,2,789
Human,0,2394
Human,0,1509
Human,2,4014
Human,2,1620
Human,2,360
Human,2,440
Human,2,4017
Human,2,4029
Human,6,150
Human,6,318
Human,6,1359
Human,6,249
Human,6,1260
Human,6,780
Human,6,1161
Human,6,900
Human,6,327
Human,6,327
Human,6,180
Human,6,708
Human,6,272
Human,6,849
Human,6,771
Human,0,1260
Human,3,3531
Human,3,3369
Human,3,483
Human,3,1458
Human,5,3360
Human,5,3480
Human,5,879
Human,5,480
Human,5,411
Human,5,1982
Human,5,498
Human,5,542
Human,6,1191
Human,3,2907
Human,3,841
Human,6,327
Human,6,1065
Human,6,855
Human,6,204
Human,6,393
Human,6,1077
Human,6,1065
Human,6,1188
Human,6,1209
Human,6,1152
Human,6,1221
Human,6,1782
Human,6,1611
Human,6,1476
Human,6,1476
Human,4,996
Human,6,414
Human,6,1389
Human,6,1389
Human,4,1776
Human,4,1776
Human,4,411
Human,4,384
Human,4,300
Human,4,411
Human,4,333
Human,4,296
Human,6,1056
Human,6,1056
Human,6,1056
Human,4,600
Human,2,2742
Human,2,2349
Human,2,2214
Human,2,2520
Human,2,456
Human,2,507
Human,2,414
Human,2,606
Human,4,1386
Human,4,246
Human,1,2469
Human,1,255
Human,1,1362
Human,1,1236
Human,1,489
Human,1,628
Human,1,500
Human,1,443
Human,1,417
Human,1,190
Human,1,1137
Human,1,2631
Human,1,2631
Human,1,2742
Human,1,2742
Human,1,2631
Human,1,1479
Human,1,732
Human,1,2742
Human,1,2685
Human,1,2304
Human,4,1086
Human,4,358
Human,4,1035
Human,4,915
Human,4,573
Human,4,573
Human,4,1035
Human,4,246
Human,4,966
Human,4,192
Human,4,993
Human,4,561
Human,4,561
Human,4,1035
Human,4,246
Human,0,960
Human,4,1401
Human,4,453
Human,4,1605
Human,4,1605
Human,4,243
Human,4,459
Human,4,1743
Human,4,1383
Human,4,246
Human,4,1743
Human,3,2052
Human,3,2052
Human,3,2220
Human,3,2052
Human,3,1980
Human,3,441
Human,3,957
Human,3,966
Human,3,603
Human,3,522
Human,6,3687
Human,6,3903
Human,6,3288
Human,6,453
Human,6,2883
Human,3,1545
Human,3,1611
Human,2,2265
Human,2,2421
Human,2,2427
Human,2,3651
Human,2,1794
Human,2,3567
Human,2,1218
Human,2,1134
Human,2,1218
Human,2,1134
Human,2,267
Human,2,351
Human,5,2295
Human,5,798
Human,5,234
Human,5,417
Human,5,291
Human,5,273
Human,3,2019
Human,3,657
Human,3,3039
Human,1,2931
Human,1,3375
Human,1,3246
Human,1,1405
Human,1,1407
Human,3,185
Human,3,317
Human,3,1497
Human,3,1734
Human,3,1734
Human,3,1734
Human,3,627
Human,3,354
Human,3,1734
Human,3,280
Human,3,2061
Human,3,2058
Human,3,228
Human,0,2625
Human,0,662
Human,0,2721
Human,0,1038
Human,0,471
Human,0,1182
Human,0,1803
Human,0,1659
Human,0,387
Human,0,1716
Human,0,1803
Human,0,1128
Human,0,1050
Human,0,1143
Human,0,1116
Human,0,207
Human,0,1143
Human,0,30
Human,0,978
Human,0,1137
Human,1,1614
Human,1,1662
Human,1,2517
Human,1,2469
Human,1,1434
Human,1,2517
Human,1,1434
Human,1,2469
Human,4,1182
Human,0,1092
Human,0,786
Human,5,852
Human,5,852
Human,5,852
Human,5,551
Human,0,1773
Human,4,156
Human,4,156
Human,4,156
Human,6,595
Human,6,1383
Human,0,1854
Human,6,1359
Human,6,840
Human,6,1041
Human,6,1017
Human,6,648
Human,6,339
Human,6,1050
Human,6,511
Human,6,429
Human,6,762
Human,6,261
Human,6,447
Human,6,825
Human,6,570
Human,6,753
Human,6,465
Human,6,501
Human,6,450
Human,6,2469
Human,2,3564
Human,2,636
Human,0,4425
Human,0,4410
Human,0,730
Human,0,793
Human,0,675
Human,1,177
Human,1,654
Human,1,708
Human,1,177
Human,1,462
Human,1,708
Human,1,708
Human,1,462
Human,1,564
Human,1,399
Human,1,1578
Human,1,1518
Human,1,186
Human,1,126
Human,1,1518
Human,1,1515
Human,1,1581
Human,1,1518
Human,1,1581
Human,1,1578
Human,4,459
Human,4,1587
Human,4,960
Human,0,1485
Human,0,1485
Human,0,1323
Human,4,1152
Human,4,1152
Human,4,1152
Human,4,488
Human,4,46
Human,3,1572
Human,3,1521
Human,3,1605
Human,3,300
Human,3,165
Human,3,240
Human,3,339
Human,3,1572
Human,6,1554
Human,6,300
Human,6,1260
Human,6,162
Human,6,540
Human,6,540
Human,4,380
Human,4,777
Human,4,1218
Human,4,1455
Human,4,681
Human,1,2283
Human,1,1167
Human,1,2373
Human,1,2391
Human,1,2382
Human,0,4569
Human,0,2187
Human,0,204
Human,0,437
Human,0,4569
Human,6,1563
Human,6,1581
Human,6,212
Human,6,471
Human,6,1407
Human,6,351
Human,6,1515
Human,6,1084
Human,6,1242
Human,6,1260
Human,6,318
Human,6,276
Human,6,1074
Human,6,1560
Human,0,2919
Human,0,1104
Human,0,669
Human,0,126
Human,6,489
Human,6,489
Human,6,296
Human,3,1443
Human,3,174
Human,3,201
Human,3,429
Human,3,174
Human,3,201
Human,3,1029
Human,3,201
Human,0,1137
Human,3,978
Human,3,345
Human,3,3192
Human,3,3282
Human,3,3186
Human,3,3192
Human,3,978
Human,3,345
Human,3,3186
Human,3,3282
Human,4,7536
Human,4,7530
Human,4,237
Human,4,84
Human,4,451
Human,4,56
Human,4,31
Human,6,1365
Human,6,1365
Human,4,1422
Human,4,1422
Human,4,459
Human,4,897
Human,4,720
Human,4,576
Human,4,927
Human,4,903
Human,4,742
Human,4,456
Human,3,1530
Human,3,1470
Human,3,1188
Human,3,1323
Human,3,1350
Human,3,1410
Human,3,1308
Human,3,865
Human,3,183
Human,0,1077
Human,4,1764
Human,4,1128
Human,4,1614
Human,4,794
Human,4,584
Human,4,1686
Human,4,1128
Human,1,1584
Human,1,249
Human,1,549
Human,1,147
Human,1,415
Human,6,1224
Human,6,116
Human,6,429
Human,6,479
Human,6,309
Human,4,698
Human,4,915
Human,4,906
Human,4,725
Human,4,529
Human,4,192
Human,4,192
Human,4,290
Human,1,3450
Human,1,192
Human,1,3393
Human,1,4125
Human,1,318
Human,1,2640
Human,1,3816
Human,1,349
Human,4,1692
Human,4,1521
Human,4,294
Human,4,1287
Human,4,1287
Human,4,1437
Human,4,495
Human,4,63
Human,4,1692
Human,5,548
Human,5,1572
Human,5,174
Human,5,1809
Human,5,1875
Human,5,1842
Human,5,252
Human,6,1149
Human,6,1149
Human,6,1149
Human,1,108
Human,1,306
Human,1,435
Human,1,309
Human,1,342
Human,1,108
Human,1,339
Human,1,1896
Human,1,303
Human,1,156
Human,6,1188
Human,6,156
Human,6,1188
Human,6,459
Human,6,372
Human,6,71
Human,0,2613
Human,0,2613
Human,0,2613
Human,0,2529
Human,3,2121
Human,3,267
Human,3,885
Human,3,780
Human,3,252
Human,3,449
Human,3,1008
Human,3,336
Human,3,180
Human,2,7401
Human,2,684
Human,2,6885
Human,2,7458
Human,2,417
Human,2,7473
Human,2,7473
Human,6,1527
Human,6,1473
Human,6,1401
Human,4,1689
Human,4,1800
Human,4,468
Human,4,1473
Human,4,1656
Human,4,1614
Human,4,1893
Human,6,585
Human,6,948
Human,6,144
Human,6,957
Human,6,948
Human,6,1249
Human,6,1479
Human,6,1389
Human,6,556
Human,6,234
Human,6,548
Human,6,671
Human,6,54
Human,6,426
Human,6,192
Human,1,1518
Human,6,213
Human,6,408
Human,6,609
Human,6,1356
Human,6,1356
Human,6,1353
Human,6,1344
Human,6,1353
Human,6,960
Human,6,225
Human,6,349
Human,6,600
Human,0,1137
Human,4,2214
Human,4,2022
Human,4,342
Human,6,4320
Human,6,2700
Human,6,4077
Human,6,2496
Human,6,4320
Human,6,1155
Human,3,1416
Human,3,1293
Human,3,1416
Human,3,1293
Human,3,1416
Human,3,1293
Human,3,558
Human,3,680
Human,3,671
Human,3,638
Human,3,463
Human,3,461
Human,3,421
Human,3,458
Human,3,450
Human,3,531
Human,3,373
Human,3,344
Human,3,111
Human,3,322
Human,3,313
Human,3,291
Human,3,258
Human,3,123
Human,3,316
Human,3,211
Human,3,204
Human,3,190
Human,3,176
Human,3,174
Human,3,165
Human,3,99
Human,3,77
Human,3,123
Human,0,1527
Human,6,2355
Human,6,168
Human,6,150
Human,6,1878
Human,6,20
Human,6,1830
Human,6,561
Human,0,1830
Human,6,1062
Human,6,1518
Human,6,1344
Human,6,1170
Human,6,1344
Human,6,798
Human,6,1188
Human,6,1518
Human,6,1188
Human,6,132
Human,6,714
Human,6,1188
Human,6,132
Human,6,435
Human,6,132
Human,6,567
Human,6,630
Human,6,1464
Human,6,990
Human,2,5739
Human,2,4518
Human,2,4518
Human,2,893
Human,2,609
Human,2,279
Human,2,5739
Human,2,4491
Human,2,4509
Human,2,4521
Human,2,5739
Human,2,4518
Human,0,1122
Human,0,157
Human,1,2610
Human,1,2586
Human,1,2352
Human,1,399
Human,1,2352
Human,1,2412
Human,1,2595
Human,1,1689
Human,1,2205
Human,5,1449
Human,5,1419
Human,5,1155
Human,1,1605
Human,1,1614
Human,1,1449
Human,1,1614
Human,1,1605
Human,1,697
Human,1,559
Human,1,526
Human,1,459
Human,1,458
Human,1,435
Human,1,419
Human,1,354
Human,1,348
Human,1,320
Human,1,309
Human,1,210
Human,1,194
Human,1,1605
Human,6,681
Human,6,681
Human,6,681
Human,6,1686
Human,6,681
Human,6,1686
Human,6,1218
Human,1,1659
Human,1,4863
Human,1,390
Human,1,459
Human,1,3732
Human,1,3159
Human,1,3054
Human,1,2043
Human,1,3291
Human,1,3159
Human,1,348
Human,1,2175
Human,1,3198
Human,1,201
Human,1,3291
Human,1,960
Human,1,1089
Human,1,2262
Human,1,360
Human,1,204
Human,1,399
Human,1,396
Human,1,219
Human,1,202
Human,1,387
Human,1,240
Human,1,375
Human,1,219
Human,1,506
Human,1,367
Human,1,201
Human,1,201
Human,1,177
Human,1,470
Human,1,366
Human,1,366
Human,1,362
Human,1,357
Human,1,353
Human,1,351
Human,1,321
Human,1,195
Human,1,154
Human,1,44
Human,1,24
Human,1,3021
Human,3,942
Human,3,693
Human,3,840
Human,4,384
Human,4,411
Human,4,45
Human,4,648
Human,4,801
Human,1,3678
Human,1,1812
Human,1,2940
Human,1,3168
Human,1,291
Human,1,273
Human,1,3768
Human,1,307
Human,1,498
Human,1,531
Human,1,755
Human,1,3678
Human,1,3723
Human,6,102
Human,6,1245
Human,6,372
Human,6,573
Human,2,4341
Human,2,4311
Human,2,4302
Human,2,4323
Human,4,1002
Human,4,1239
Human,4,1299
Human,4,1278
Human,4,1278
Human,5,1239
Human,5,801
Human,5,381
Human,6,996
Human,6,996
Human,6,849
Human,6,849
Human,6,267
Human,6,365
Human,6,389
Human,0,1014
Human,0,1107
Human,0,312
Human,0,724
Human,0,408
Human,0,425
Human,0,3753
Human,0,3582
Human,0,3669
Human,0,3666
Human,6,1182
Human,3,1428
Human,4,1923
Human,4,1923
Human,4,1923
Human,4,1923
Human,4,714
Human,4,352
Human,4,1656
Human,4,1656
Human,4,1656
Human,4,1698
Human,4,1656
Human,3,1557
Human,3,987
Human,3,1557
Human,3,564
Human,3,1563
Human,3,711
Human,3,408
Human,3,273
Human,4,1050
Human,6,621
Human,6,621
Human,6,747
Human,6,375
Human,6,1860
Human,6,1788
Human,6,1846
Human,6,72
Human,0,1068
Human,0,1068
Human,0,57
Human,0,221
Human,0,248
Human,0,412
Human,0,535
Human,0,682
Human,0,1068
Human,0,1068
Human,0,1017
Human,0,99
Human,0,489
Human,0,265
Human,0,431
Human,6,1041
Human,6,6906
Human,6,6828
Human,6,243
Human,6,203
Human,3,2712
Human,3,2712
Human,3,432
Human,3,2583
Human,3,343
Human,6,486
Human,6,2358
Human,6,2337
Human,6,690
Human,6,1515
Human,6,1782
Human,6,577
Human,6,282
Human,6,735
Human,6,1566
Human,6,1602
Human,6,1746
Human,3,2175
Human,3,156
Human,3,1449
Human,3,243
Human,3,168
Human,3,416
Human,3,731
Human,3,545
Human,6,987
Human,6,1152
Human,6,1188
Human,6,960
Human,6,612
Human,6,1083
Human,6,1047
Human,6,1044
Human,6,269
Human,6,268
Human,6,1047
Human,6,978
Human,6,372
Human,6,372
Human,6,789
Human,1,572
Human,1,4173
Human,1,4227
Human,1,645
Human,1,475
Human,1,2295
Human,6,2286
Human,6,2001
Human,6,1044
Human,6,1053
Human,6,1209
Human,6,1350
Human,6,1914
Human,6,1923
Human,6,1836
Human,6,900
Human,6,1668
Human,6,1167
Human,6,2277
Human,6,2238
Human,6,1125
Human,6,981
Human,6,1812
Human,6,1818
Human,6,1158
Human,6,1269
Human,6,1260
Human,6,1209
Human,6,312
Human,6,1167
Human,6,1746
Human,6,240
Human,6,1044
Human,6,1746
Human,6,1665
Human,6,1053
Human,6,1095
Human,6,1125
Human,6,1341
Human,6,1209
Human,6,1053
Human,6,834
Human,6,261
Human,6,1983
Human,6,1839
Human,6,2181
Human,0,1041
Human,0,1041
Human,0,1086
Human,4,438
Human,4,168
Human,4,168
Human,4,186
Human,4,234
Human,6,489
Human,6,621
Human,6,328
Human,6,261
Human,6,2184
Human,6,2295
Human,6,2238
Human,6,2184
Human,6,2295
Human,6,2184
Human,6,2184
Human,6,2295
Human,6,111
Human,6,583
Human,6,448
Human,4,1239
Human,4,1239
Human,4,1239
Human,4,595
Human,4,539
Human,3,1158
Human,3,849
Human,3,690
Human,3,472
Human,3,269
Human,3,313
Human,0,1272
Human,0,1146
Human,6,495
Human,6,280
Human,6,377
Human,6,495
Human,6,408
Human,6,495
Human,6,495
Human,0,1356
Human,0,1356
Human,0,1356
Human,0,1356
Human,0,1356
Human,6,1038
Human,6,1038
Human,6,654
Human,0,996
Human,0,294
Human,0,996
Human,0,996
Human,0,1191
Human,0,1191
Human,1,3000
Human,1,2472
Human,1,291
Human,1,771
Human,1,3000
Human,1,1767
Human,6,1044
Human,6,957
Human,6,594
Human,6,951
Human,6,843
Human,3,1203
Human,3,1245
Human,3,1095
Human,3,250
Human,3,1083
Human,3,534
Human,3,909
Human,3,393
Human,3,48
Human,3,69
Human,6,1131
Human,6,180
Human,6,1014
Human,0,1137
Human,4,210
Human,4,453
Human,4,282
Human,4,315
Human,6,3363
Human,6,2502
Human,3,1584
Human,3,2097
Human,3,885
Human,3,2097
Human,3,1995
Human,3,381
Human,3,2097
Human,3,2097
Human,3,1167
Human,3,282
Human,3,1584
Human,1,4062
Human,1,717
Human,1,3459
Human,1,4017
Human,1,387
Human,1,3459
Human,4,480
Human,4,84
Human,4,1110
Human,4,348
Human,4,969
Human,4,399
Human,4,984
Human,4,834
Human,4,420
Human,4,171
Human,4,415
Human,4,207
Human,4,546
Human,4,273
Human,4,399
Human,4,1113
Human,3,450
Human,3,939
Human,3,1011
Human,3,939
Human,6,531
Human,6,632
Human,6,204
Human,6,489
Human,6,582
Human,6,445
Human,6,603
Human,6,775
Human,6,927
Human,6,804
Human,6,378
Human,6,222
Human,5,705
Human,5,5598
Human,5,5595
Human,5,1608
Human,5,1587
Human,5,1605
Human,5,225
Human,5,1245
Human,5,1593
Human,5,42
Human,5,239
Human,5,193
Human,0,1089
Human,6,645
Human,1,2919
Human,1,2931
Human,4,2649
Human,0,444
Human,0,18921
Human,0,6115
Human,0,219
Human,0,300
Human,0,1704
Human,0,198
Human,0,7875
Human,0,1173
Human,0,2817
Human,0,222
Human,0,243
Human,0,1005
Human,0,579
Human,0,369
Human,0,371
Human,0,1014
Human,1,2631
Human,1,2631
Human,1,2742
Human,1,2742
Human,1,2631
Human,1,628
Human,1,1479
Human,1,443
Human,1,417
Human,1,190
Human,1,1137
Human,1,732
Human,1,2742
Human,1,2685
Human,1,2304
Human,1,379
Human,1,349
Human,1,4029
Human,1,552
Human,1,132
Human,1,2766
Human,1,996
Human,1,345
Human,1,3852
Human,1,246
Human,1,1950
Human,1,1752
Human,1,1389
Human,3,1647
Human,3,1434
Human,3,1527
Human,3,708
Human,3,480
Human,3,1136
Human,3,506
Human,6,1131
Human,6,1131
Human,6,792
Human,6,909
Human,6,1017
Human,6,900
Human,6,588
Human,6,534
Human,6,714
Human,6,567
Human,6,870
Human,6,411
Human,6,876
Human,6,264
Human,6,1842
Human,6,292
Human,6,160
Human,6,131
Human,6,750
Human,2,522
Human,2,135
Human,2,522
Human,2,447
Human,4,1605
Human,4,1536
Human,3,3795
Human,3,865
Human,3,522
Human,5,468
Human,5,3645
Human,5,312
Human,5,96
Human,5,234
Human,5,3210
Human,5,651
Human,5,156
Human,3,1119
Human,3,180
Human,3,303
Human,3,303
Human,3,786
Human,3,429
Human,3,990
Human,3,729
Human,3,810
Human,3,429
Human,3,222
Human,3,969
Human,3,681
Human,3,965
Human,3,96
Human,3,315
Human,3,798
Human,0,381
Human,0,453
Human,0,436
Human,0,461
Human,0,1068
Human,0,1362
Human,0,1389
Human,0,1461
Human,1,2685
Human,1,2658
Human,1,1881
Human,4,387
Human,4,486
Human,4,495
Human,4,399
Human,4,1758
Human,4,1737
Human,4,1734
Human,4,423
Human,4,645
Human,1,4383
Human,1,4470
Human,6,918
Human,6,1917
Human,6,1956
Human,6,1857
Human,6,1866
Human,6,1143
Human,6,513
Human,6,412
Human,6,1035
Human,6,531
Human,6,801
Human,6,426
Human,6,249
Human,6,699
Human,1,1356
Human,1,405
Human,4,2082
Human,4,1785
Human,0,3840
Human,0,1683
Human,0,1392
Human,3,301
Human,3,157
Human,3,75
Human,3,1761
Human,3,1317
Human,3,475
Human,3,1749
Human,3,708
Human,3,407
Human,4,1098
Human,4,375
Human,4,1098
Human,4,104
Human,4,1098
Human,4,134
Human,1,2631
Human,1,2631
Human,1,1479
Human,1,2742
Human,1,2631
Human,1,2742
Human,1,500
Human,1,443
Human,1,417
Human,1,190
Human,1,628
Human,1,1137
Human,1,2685
Human,1,2742
Human,1,732
Human,1,2304
Human,6,1776
Human,6,3366
Human,6,1776
Human,6,3447
Human,3,1695
Human,3,531
Human,3,273
Human,3,279
Human,3,360
Human,3,543
Human,3,465
Human,6,2112
Human,6,2763
Human,6,381
Human,6,2616
Human,6,2259
Human,6,2244
Human,6,2757
Human,6,1404
Human,6,2259
Human,6,2253
Human,6,564
Human,6,2610
Human,6,2177
Human,6,357
Human,6,2610
Human,6,2259
Human,1,1824
Human,1,3261
Human,1,3117
Human,1,3123
Human,1,1587
Human,1,727
Human,1,600
Human,1,871
Human,1,432
Human,1,261
Human,1,293
Human,1,429
Human,5,5124
Human,5,3978
Human,5,5136
Human,5,4701
Human,5,4740
Human,5,4671
Human,5,4710
Human,5,4701
Human,5,972
Human,5,828
Human,5,693
Human,5,372
Human,5,4710
Human,5,4701
Human,4,786
Human,4,1959
Human,4,2199
Human,4,2199
Human,4,411
Human,4,2166
Human,3,1179
Human,3,966
Human,3,500
Human,3,275
Human,3,978
Human,2,2409
Human,2,760
Human,2,2382
Human,2,415
Human,2,527
Human,2,2382
Human,2,2382
Human,2,2409
Human,6,1950
Human,6,2178
Human,6,163
Human,6,278
Human,6,930
Human,6,395
Human,6,1260
Human,6,64
Human,6,116
Human,6,218
Human,6,220
Human,6,286
Human,6,1872
Human,6,1950
Human,6,240
Human,6,570
Human,6,624
Human,6,102
Human,6,2178
Human,6,711
Human,6,888
Human,6,633
Human,6,633
Human,6,633
Human,6,234
Human,6,711
Human,6,6255
Human,6,6330
Human,6,645
Human,6,255
Human,6,420
Human,6,542
Human,0,1002
Human,6,789
Human,6,414
Human,6,234
Human,6,382
Human,6,534
Human,6,516
Human,1,177
Human,1,2334
Human,1,790
Human,1,214
Human,1,878
Human,1,330
Human,1,192
Human,1,117
Human,4,1671
Human,4,453
Human,4,153
Human,4,1153
Human,4,1365
Human,4,255
Human,4,989
Human,4,794
Human,4,399
Human,4,345
Human,4,1155
Human,4,1179
Human,6,582
Human,6,1242
Human,6,246
Human,6,438
Human,6,366
Human,6,435
Human,5,2382
Human,5,2280
Human,5,198
Human,5,2280
Human,4,272
Human,4,295
Human,4,659
Human,4,1695
Human,4,347
Human,4,384
Human,4,442
Human,4,290
Human,4,1782
Human,4,1695
Human,4,486
Human,4,414
Human,4,246
Human,0,306
Human,0,396
Human,0,1389
Human,2,3348
Human,2,2814
Human,4,1371
Human,0,2517
Human,0,2517
Human,0,2517
Human,6,894
Human,6,1008
Human,6,1065
Human,6,387
Human,6,1005
Human,6,1008
Human,6,156
Human,6,906
Human,6,939
Human,6,1320
Human,6,1008
Human,6,181
Human,6,1008
Human,6,423
Human,6,285
Human,6,539
Human,6,1377
Human,6,561
Human,6,1200
Human,4,1134
Human,4,796
Human,4,561
Human,4,561
Human,3,2160
Human,3,2064
Human,3,519
Human,3,810
Human,3,183
Human,3,2181
Human,2,522
Human,2,447
Human,2,211
Human,2,447
Human,2,522
Human,1,1539
Human,1,1476
Human,1,451
Human,0,1083
Human,6,1002
Human,1,390
Human,1,444
Human,1,2568
Human,1,2568
Human,1,501
Human,1,516
Human,6,606
Human,0,2901
Human,0,3045
Human,0,2964
Human,0,3054
Human,0,2988
Human,0,3012
Human,0,2697
Human,0,2982
Human,0,3006
Human,0,2697
Human,6,1026
Human,0,4755
Human,0,3480
Human,0,4755
Human,6,1395
Human,6,762
Human,1,1908
Human,1,1839
Human,1,1839
Human,1,1908
Human,6,1116
Human,6,1116
Human,6,1116
Human,6,698
Human,6,1296
Human,6,1296
Human,6,1242
Human,6,807
Human,1,4512
Human,2,540
Human,2,2424
Human,2,2259
Human,2,408
Human,2,2388
Human,2,2007
Human,2,279
Human,2,2352
Human,2,4326
Human,2,4353
Human,2,4356
Human,2,4323
Human,2,4383
Human,2,4296
Human,2,4392
Human,2,144
Human,2,940
Human,2,3231
Human,2,3180
Human,4,1374
Human,4,546
Human,4,1503
Human,4,681
Human,4,192
Human,4,225
Human,6,729
Human,6,726
Human,6,984
Human,2,4251
Human,2,4338
Human,3,1767
Human,3,2157
Human,3,1911
Human,3,408
Human,3,432
Human,3,1332
Human,1,3213
Human,1,420
Human,1,474
Human,1,1380
Human,1,2823
Human,1,3045
Human,1,3093
Human,1,2451
Human,1,3237
Human,1,807
Human,1,1098
Human,1,78
Human,1,78
Human,1,78
Human,1,773
Human,1,255
Human,4,360
Human,4,327
Human,4,327
Human,4,351
Human,4,327
Human,4,327
Human,4,327
Human,3,3264
Human,3,534
Human,3,672
Human,3,500
Human,0,1587
Human,0,666
Human,0,1587
Human,3,1347
Human,0,3723
Human,0,4410
Human,0,3927
Human,0,3900
Human,0,3696
Human,0,4029
Human,0,4056
Human,0,4587
Human,0,3825
Human,0,3852
Human,0,4539
Human,0,4743
Human,0,4716
Human,0,4512
Human,0,2757
Human,3,1770
Human,6,3162
Human,6,1851
Human,6,831
Human,6,231
Human,6,231
Human,6,522
Human,6,234
Human,6,249
Human,6,7372
Human,6,8763
Human,6,8295
Human,6,411
Human,6,1017
Human,6,1455
Human,6,1953
Human,6,1263
Human,6,210
Human,6,195
Human,6,2433
Human,6,9141
Human,4,1056
Human,4,342
Human,4,987
Human,4,525
Human,4,138
Human,4,852
Human,4,552
Human,4,723
Human,4,261
Human,4,1056
Human,4,534
Human,6,1509
Human,6,1275
Human,6,1353
Human,6,1143
Human,6,1281
Human,6,478
Human,6,1107
Human,6,993
Human,6,1281
Human,6,1074
Human,3,1521
Human,3,300
Human,3,300
Human,3,543
Human,3,350
Human,3,1446
Human,3,1005
Human,6,1038
Human,6,1038
Human,6,444
Human,6,432
Human,6,486
Human,0,1590
Human,0,1194
Human,0,1590
Human,0,1248
Human,0,1641
Human,0,1356
Human,0,1650
Human,3,663
Human,3,1083
Human,0,1119
Human,4,1815
Human,4,492
Human,4,365
Human,4,365
Human,4,472
Human,4,4521
Human,4,4503
Human,4,3150
Human,4,1542
Human,3,1434
Human,3,876
Human,6,1560
Human,6,732
Human,6,1581
Human,6,1374
Human,6,673
Human,6,273
Human,6,1038
Human,1,3927
Human,1,3879
Human,1,2195
Human,1,385
Human,1,3801
Human,3,1545
Human,3,768
Human,3,462
Human,3,1155
Human,0,7104
Human,0,7107
Human,6,1065
Human,4,903
Human,4,727
Human,4,903
Human,4,741
Human,4,690
Human,4,903
Human,6,660
Human,3,317
Human,3,1731
Human,3,711
Human,3,571
Human,3,1731
Human,3,936
Human,3,86
Human,3,1107
Human,3,705
Human,3,434
Human,3,552
Human,3,321
Human,3,1731
Human,3,285
Human,3,1239
Human,3,255
Human,3,420
Human,3,240
Human,3,297
Human,5,2751
Human,5,3360
Human,0,1215
Human,0,168
Human,0,591
Human,0,105
Human,0,3966
Human,0,1146
Human,0,1851
Human,0,291
Human,2,1308
Human,2,1089
Human,4,1662
Human,4,177
Human,4,1596
Human,4,273
Human,4,234
Human,4,598
Human,4,622
Human,4,617
Human,4,434
Human,4,135
Human,4,334
Human,4,237
Human,4,1512
Human,4,1662
Human,6,1188
Human,6,372
Human,6,1188
Human,6,9
Human,6,12
Human,6,156
Human,4,852
Human,4,1087
Human,4,399
Human,4,810
Human,4,1590
Human,6,1716
Human,6,1323
Human,6,528
Human,6,1800
Human,6,1299
Human,6,1143
Human,6,750
Human,6,1284
Human,0,624
Human,6,1038
Human,6,1038
Human,3,2070
Human,3,462
Human,3,1728
Human,3,1707
Human,4,273
Human,4,954
Human,4,273
Human,4,360
Human,4,273
Human,4,147
Human,3,1506
Human,3,567
Human,3,546
Human,3,527
Human,3,406
Human,3,540
Human,6,1197
Human,6,5883
Human,6,5817
Human,6,753
Human,6,459
Human,6,5883
Human,6,5817
Human,6,753
Human,6,459
Human,0,1062
Human,0,153
Human,4,909
Human,4,252
Human,4,403
Human,4,282
Human,4,359
Human,4,1659
Human,6,300
Human,6,1194
Human,0,4188
Human,0,4188
Human,0,4188
Human,0,4188
Human,4,1503
Human,4,1506
Human,4,339
Human,4,144
Human,4,288
Human,4,532
Human,2,5847
Human,2,4506
Human,2,5733
Human,2,387
Human,2,272
Human,2,237
Human,2,4518
Human,2,4506
Human,5,2424
Human,5,2406
Human,5,2241
Human,5,786
Human,5,2589
Human,5,1143
Human,3,426
Human,3,258
Human,3,1443
Human,3,1443
Human,0,2259
Human,0,2088
Human,0,2088
Human,3,1434
Human,3,246
Human,3,753
Human,3,321
Human,3,725
Human,3,8
Human,4,1638
Human,4,1455
Human,4,519
Human,0,1923
Human,0,2127
Human,0,1929
Human,0,1929
Human,4,1545
Human,4,776
Human,4,510
Human,4,688
Human,4,231
Human,4,624
Human,4,1263
Human,5,2343
Human,6,2997
Human,6,2937
Human,6,2934
Human,6,2874
Human,6,825
Human,6,319
Human,3,2169
Human,3,1869
Human,3,2169
Human,3,2127
Human,3,2094
Human,3,2094
Human,3,2034
Human,3,1095
Human,3,639
Human,3,458
Human,3,434
Human,3,404
Human,3,299
Human,3,1869
Human,3,2139
Human,3,421
Human,3,804
Human,3,584
Human,3,280
Human,3,528
Human,3,237
Human,3,990
Human,3,144
Human,3,237
Human,3,144
Human,3,528
Human,3,1110
Human,3,804
Human,3,171
Human,3,237
Human,3,67
Human,3,486
Human,3,312
Human,3,733
Human,3,963
Human,3,783
Human,3,432
Human,3,852
Human,3,852
Human,3,144
Human,6,2301
Human,6,2301
Human,0,1137
Human,1,4092
Human,1,3897
Human,1,3921
Human,1,427
Human,1,888
Human,3,574
Human,3,1530
Human,3,627
Human,3,357
Human,0,9243
Human,0,8628
Human,0,9243
Human,3,1305
Human,3,792
Human,3,267
Human,3,291
Human,5,204
Human,5,3351
Human,5,452
Human,5,300
Human,5,222
Human,5,221
Human,3,2958
Human,4,1134
Human,4,1041
Human,4,528
Human,6,52
Human,6,2049
Human,6,1632
Human,6,252
Human,6,681
Human,6,79
Human,6,223
Human,6,1278
Human,6,1197
Human,6,1632
Human,6,2049
Human,1,2478
Human,1,2520
Human,1,2595
Human,1,2454
Human,1,441
Human,1,1854
Human,1,2118
Human,1,1839
Human,1,150
Human,1,257
Human,1,271
Human,1,1839
Human,1,2454
Human,1,2520
Human,1,2496
Human,0,1842
Human,6,477
Human,6,165
Human,6,237
Human,6,303
Human,6,438
Human,0,1446
Human,6,1038
Human,6,1038
Human,3,1734
Human,3,615
Human,3,750
Human,3,1734
Human,3,462
Human,6,511
Human,6,234
Human,6,816
Human,6,168
Human,6,600
Human,6,1389
Human,6,1389
Human,6,414
Human,0,2466
Human,0,2238
Human,0,2661
Human,0,2130
Human,0,2604
Human,0,956
Human,2,195
Human,2,509
Human,2,4911
Human,6,1776
Human,6,3366
Human,6,1776
Human,6,3447
Human,1,1518
Human,1,1305
Human,6,1155
Human,6,1446
Human,6,368
Human,6,503
Human,6,442
Human,6,460
Human,6,807
Human,6,810
Human,6,810
Human,6,810
Human,6,303
Human,6,303
Human,6,216
Human,6,429
Human,6,615
Human,6,444
Human,6,318
Human,6,289
Human,6,430
Human,6,3318
Human,6,3810
Human,6,528
Human,6,456
Human,6,309
Human,6,3837
Human,6,177
Human,6,508
Human,6,530
Human,6,506
Human,6,376
Human,6,1546
Human,6,397
Human,6,268
Human,6,97
Human,6,3813
Human,6,348
Human,6,3813
Human,0,1038
Human,0,903
Human,0,362
Human,6,2736
Human,6,2187
Human,6,2079
Human,6,627
Human,6,660
Human,6,346
Human,1,4017
Human,1,2202
Human,1,2064
Human,1,1998
Human,1,1626
Human,1,1302
Human,1,258
Human,1,258
Human,1,1086
Human,6,819
Human,2,1383
Human,2,1782
Human,2,1794
Human,2,327
Human,2,588
Human,2,648
Human,1,1980
Human,1,2082
Human,1,1452
Human,1,1707
Human,0,1137
Human,3,138
Human,3,1848
Human,3,165
Human,3,550
Human,3,1719
Human,3,1923
Human,3,1809
Human,3,258
Human,3,315
Human,0,1071
Human,6,1128
Human,6,1308
Human,6,657
Human,6,1308
Human,3,3063
Human,3,783
Human,3,69
Human,3,75
Human,3,2808
Human,3,206
Human,3,324
Human,4,1977
Human,4,570
Human,4,1632
Human,6,612
Human,6,645
Human,6,1206
Human,0,930
Human,0,930
Human,0,930
Human,0,930
Human,0,1023
Human,0,2070
Human,0,1227
Human,3,2409
Human,3,447
Human,3,2301
Human,3,2301
Human,4,4305
Human,4,4407
Human,4,4407
Human,4,4302
Human,4,1845
Human,4,1860
Human,3,2172
Human,3,387
Human,3,2172
Human,3,171
Human,3,2271
Human,3,396
Human,3,168
Human,3,357
Human,3,201
Human,3,151
Human,3,201
Human,3,171
Human,5,108
Human,5,267
Human,5,7566
Human,5,555
Human,5,545
Human,5,1122
Human,2,2103
Human,2,420
Human,2,450
Human,2,461
Human,2,324
Human,2,1929
Human,2,357
Human,2,1611
Human,6,1272
Human,0,2904
Human,0,2748
Human,0,1047
Human,0,698
Human,0,2487
Human,0,1008
Human,0,199
Human,3,3789
Human,3,525
Human,3,990
Human,3,218
Human,3,525
Human,3,3729
Human,3,3459
Human,2,1200
Human,2,1398
Human,2,1083
Human,2,351
Human,2,423
Human,2,231
Human,2,1326
Human,2,366
Human,2,490
Human,2,461
Human,2,464
Human,2,459
Human,2,420
Human,2,306
Human,2,351
Human,4,1080
Human,4,420
Human,4,348
Human,4,2112
Human,6,1122
Human,6,648
Human,6,1038
Human,6,1038
Human,6,816
Human,6,99
Human,0,363
Human,0,2622
Human,0,2622
Human,0,2994
Human,0,3240
Human,0,263
Human,1,2982
Human,1,2220
Human,0,1368
Human,0,375
Human,0,649
Human,0,387
Human,0,282
Human,5,3315
Human,5,978
Human,5,579
Human,5,498
Human,5,1131
Human,5,420
Human,5,2262
Human,5,1020
Human,5,441
Human,5,2376
Human,5,168
Human,5,168
Human,5,2373
Human,5,2298
Human,5,2328
Human,3,672
Human,3,927
Human,3,927
Human,3,927
Human,4,143
Human,4,587
Human,4,573
Human,4,375
Human,4,189
Human,6,822
Human,6,912
Human,6,552
Human,4,483
Human,4,393
Human,4,384
Human,4,420
Human,4,375
Human,4,495
Human,0,1290
Human,0,1200
Human,0,614
Human,4,312
Human,4,231
Human,6,3561
Human,6,555
Human,6,609
Human,6,3555
Human,6,1032
Human,6,1683
Human,6,168
Human,6,465
Human,6,297
Human,3,3192
Human,3,2772
Human,3,978
Human,3,3282
Human,3,345
Human,3,3186
Human,4,1761
Human,4,1761
Human,4,399
Human,4,1761
Human,6,1050
Human,6,1698
Human,6,261
Human,0,2067
Human,0,138
Human,0,1164
Human,3,3552
Human,3,865
Human,3,285
Human,3,1100
Human,3,522
Human,1,7044
Human,1,7026
Human,1,294
Human,3,3192
Human,3,978
Human,3,345
Human,3,3282
Human,3,3186
Human,0,1002
Human,6,1287
Human,6,1287
Human,6,288
Human,3,4539
Human,3,2905
Human,3,585
Human,4,660
Human,4,1380
Human,4,309
Human,4,1131
Human,4,694
Human,4,309
Human,4,1248
Human,4,477
Human,4,1422
Human,4,327
Human,4,906
Human,5,2934
Human,5,2949
Human,5,2415
Human,5,972
Human,5,2511
Human,5,2682
Human,5,2487
Human,5,2415
Human,5,1383
Human,3,3033
Human,3,3033
Human,3,3033
Human,3,921
Human,3,1302
Human,3,438
Human,3,723
Human,3,695
Human,3,416
Human,3,408
Human,4,1056
Human,4,336
Human,4,237
Human,4,588
Human,4,1179
Human,4,222
Human,4,408
Human,4,540
Human,4,588
Human,4,779
Human,4,282
Human,4,201
Human,4,282
Human,4,234
Human,4,234
Human,4,1005
Human,6,876
Human,6,1014
Human,4,210
Human,2,504
Human,2,411
Human,2,429
Human,2,222
Human,2,201
Human,2,210
Human,2,189
Human,2,66
Human,2,210
Human,2,201
Human,2,446
Human,2,1800
Human,2,3921
Human,2,2205
Human,2,3438
Human,2,111
Human,2,264
Human,2,2259
Human,2,355
Human,6,2346
Human,6,2142
Human,6,2217
Human,6,2142
Human,0,1413
Human,0,312
Human,0,918
Human,0,918
Human,6,510
Human,6,816
Human,6,708
Human,6,408
Human,6,38
Human,2,621
Human,0,1086
Human,6,1683
Human,6,168
Human,6,465
Human,6,297
Human,6,843
Human,6,2256
Human,6,2244
Human,6,1641
Human,6,1059
Human,6,2088
Human,6,1071
Human,6,2358
Human,6,2358
Human,6,2736
Human,6,2202
Human,6,2736
Human,6,2736
Human,0,1104
Human,0,410
Human,0,1104
Human,0,1104
Human,6,5883
Human,6,5817
Human,6,753
Human,6,459
Human,4,1506
Human,4,1521
Human,4,1050
Human,4,243
Human,4,636
Human,0,1305
Human,6,2604
Human,6,2604
Human,6,418
Human,6,2604
Human,6,1002
Human,6,459
Human,3,2496
Human,3,387
Human,3,2247
Human,3,2181
Human,3,2220
Human,3,138
Human,3,231
Human,3,135
Human,6,1272
Human,5,4512
Human,5,431
Human,5,4512
Human,5,4662
Human,5,4350
Human,5,744
Human,6,2121
Human,6,2277
Human,6,1677
Human,6,1515
Human,6,471
Human,6,471
Human,6,469
Human,2,1110
Human,2,1698
Human,2,516
Human,2,1602
Human,2,1626
Human,5,2418
Human,5,189
Human,5,120
Human,5,216
Human,6,2004
Human,6,1944
Human,6,1368
Human,6,300
Human,6,1626
Human,6,2013
Human,6,153
Human,6,1896
Human,6,309
Human,6,1524
Human,6,2004
Human,6,2016
Human,6,2016
Human,6,1944
Human,6,1536
Human,6,1878
Human,6,1932
Human,6,1944
Human,6,1929
Human,6,246
Human,6,1614
Human,6,1803
Human,6,1614
Human,6,1524
Human,6,1791
Human,6,1824
Human,6,1995
Human,6,1836
Human,6,1752
Human,6,2034
Human,6,2322
Human,6,1614
Human,6,1356
Human,6,945
Human,6,243
Human,6,709
Human,6,501
Human,6,674
Human,6,622
Human,6,538
Human,6,534
Human,6,863
Human,6,685
Human,6,491
Human,6,488
Human,6,465
Human,6,608
Human,6,841
Human,6,405
Human,6,403
Human,6,386
Human,6,358
Human,6,356
Human,6,629
Human,6,612
Human,6,663
Human,6,537
Human,6,195
Human,6,476
Human,6,496
Human,6,438
Human,6,405
Human,6,468
Human,6,418
Human,6,169
Human,6,375
Human,6,405
Human,6,246
Human,6,504
Human,6,186
Human,6,1752
Human,6,216
Human,6,526
Human,6,546
Human,6,462
Human,6,321
Human,6,408
Human,6,408
Human,6,375
Human,6,546
Human,6,375
Human,6,2112
Human,6,2103
Human,6,427
Human,6,2031
Human,6,701
Human,6,2031
Human,6,651
Human,6,231
Human,6,631
Human,6,797
Human,6,441
Human,6,1713
Human,6,859
Human,6,628
Human,6,354
Human,6,1422
Human,4,222
Human,4,597
Human,4,900
Human,4,1002
Human,4,885
Human,4,630
Human,4,1005
Human,4,497
Human,4,392
Human,4,367
Human,4,213
Human,4,255
Human,4,521
Human,4,180
Human,4,648
Human,4,510
Human,4,489
Human,6,1611
Human,6,642
Human,6,1557
Human,4,1446
Human,4,507
Human,4,315
Human,4,1446
Human,4,822
Human,3,762
Human,3,510
Human,3,2328
Human,3,228
Human,3,2211
Human,3,303
Human,3,405
Human,3,2295
Human,3,252
Human,3,1893
Human,3,135
Human,3,276
Human,3,584
Human,3,1026
Human,3,525
Human,3,521
Human,3,1017
Human,3,204
Human,3,288
Human,3,520
Human,3,206
Human,3,574
Human,3,548
Human,3,303
Human,3,563
Human,3,303
Human,3,303
Human,4,3612
Human,4,2994
Human,4,1890
Human,4,1845
Human,4,921
Human,0,2733
Human,0,483
Human,0,414
Human,0,657
Human,0,2142
Human,2,4398
Human,2,4359
Human,2,4173
Human,2,520
Human,2,793
Human,2,624
Human,2,714
Human,2,840
Human,6,114
Human,6,1566
Human,6,1566
Human,6,1500
Human,6,1629
Human,6,831
Human,6,1524
Human,6,1458
Human,6,1500
Human,2,115
Human,2,115
Human,2,115
Human,6,1545
Human,6,212
Human,6,373
Human,6,1545
Human,6,85
Human,6,325
Human,6,1545
Human,6,333
Human,6,1365
Human,6,465
Human,6,258
Human,6,1809
Human,6,1791
Human,6,1470
Human,6,1380
Human,6,1368
Human,6,1431
Human,6,1755
Human,6,667
Human,6,325
Human,6,502
Human,6,425
Human,6,620
Human,6,474
Human,6,351
Human,6,327
Human,6,182
Human,6,1227
Human,6,1740
Human,6,1860
Human,6,1449
Human,6,1605
Human,6,1824
Human,6,384
Human,0,1077
Human,5,1944
Human,5,2001
Human,3,489
Human,3,1932
Human,3,219
Human,3,174
Human,3,138
Human,3,1856
Human,3,739
Human,3,291
Human,3,192
Human,1,127
Human,1,2469
Human,1,366
Human,1,2085
Human,1,507
Human,1,2046
Human,1,442
Human,1,1638
Human,1,344
Human,1,2295
Human,1,2259
Human,6,1488
Human,6,1590
Human,6,195
Human,6,416
Human,6,276
Human,6,144
Human,4,1200
Human,4,1284
Human,4,1152
Human,4,1125
Human,4,460
Human,4,469
Human,4,553
Human,4,405
Human,4,600
Human,5,1197
Human,6,1368
Human,6,1371
Human,6,1440
Human,6,1092
Human,6,1389
Human,6,1461
Human,6,1392
Human,6,1164
Human,6,1461
Human,6,1389
Human,6,663
Human,3,1737
Human,3,619
Human,0,4041
Human,0,4041
Human,4,2562
Human,4,162
Human,4,1452
Human,4,1206
Human,4,1452
Human,0,1362
Human,0,900
Human,4,939
Human,4,939
Human,4,396
Human,4,552
Human,4,543
Human,4,519
Human,4,426
Human,4,537
Human,4,294
Human,4,506
Human,0,1302
Human,3,490
Human,3,114
Human,3,225
Human,3,2106
Human,3,443
Human,3,183
Human,3,547
Human,3,609
Human,3,375
Human,3,564
Human,3,2145
Human,6,1044
Human,6,500
Human,1,3549
Human,1,3195
Human,1,3504
Human,1,3132
Human,1,3486
Human,1,3177
Human,1,3240
Human,1,1629
Human,6,3687
Human,6,3903
Human,6,3288
Human,6,453
Human,6,2883
Human,6,1038
Human,6,1038
Human,5,1725
Human,5,1587
Human,5,792
Human,5,1191
Human,5,1689
Human,5,384
Human,5,204
Human,5,3351
Human,5,452
Human,5,300
Human,5,222
Human,5,221
Human,6,1389
Human,6,1389
Human,6,414
Human,0,1212
Human,0,1215
Human,0,1212
Human,0,1212
Human,0,533
Human,0,445
Human,0,270
Human,0,259
Human,0,77
Human,3,3795
Human,3,865
Human,3,522
Human,0,2781
Human,0,2568
Human,0,2256
Human,4,1707
Human,4,528
Human,6,1044
Human,6,957
Human,0,1113
Human,0,1113
Human,0,1113
Human,0,1113
Human,0,364
Human,0,213
Human,2,2343
Human,2,132
Human,2,135
Human,2,1986
Human,2,1953
Human,2,260
Human,2,643
Human,2,53
Human,2,342
Human,2,704
Human,6,1296
Human,6,1296
Human,6,1218
Human,6,432
Human,0,1662
Human,5,1692
Human,5,1539
Human,4,1875
Human,6,972
Human,3,1983
Human,3,177
Human,3,342
Human,3,390
Human,3,177
Human,1,1530
Human,1,601
Human,1,957
Human,1,447
Human,1,413
Human,1,503
Human,1,855
Human,1,1620
Human,1,1530
Human,1,1551
Human,6,1038
Human,6,1038
Human,3,120
Human,3,612
Human,3,699
Human,3,135
Human,4,1356
Human,4,1206
Human,4,2775
Human,4,2484
Human,4,2853
Human,5,2520
Human,5,2520
Human,5,2520
Human,5,2520
Human,5,2553
Human,5,2490
Human,5,2340
Human,6,246
Human,6,1320
Human,6,342
Human,6,1302
Human,6,1296
Human,6,366
Human,6,1314
Human,6,987
Human,6,657
Human,6,408
Human,6,519
Human,6,2283
Human,6,2073
Human,6,858
Human,6,819
Human,6,255
Human,6,735
Human,6,31
Human,6,147
Human,6,1137
Human,6,1098
Human,6,272
Human,6,82
Human,6,148
Human,6,410
Human,6,526
Human,6,2019
Human,6,819
Human,6,219
Human,6,120
Human,6,2283
Human,6,48
Human,6,289
Human,6,104
Human,6,819
Human,6,574
Human,6,531
Human,6,537
Human,6,1992
Human,6,1992
Human,6,230
Human,6,1989
Human,6,1098
Human,6,405
Human,6,567
Human,6,315
Human,6,1098
Human,6,933
Human,6,933
Human,6,849
Human,6,147
Human,6,498
Human,6,653
Human,6,317
Human,0,677
Human,0,189
Human,0,1428
Human,0,95
Human,0,659
Human,0,420
Human,0,1041
Human,0,396
Human,0,720
Human,0,501
Human,0,236
Human,0,1191
Human,0,1254
Human,0,418
Human,0,469
Human,0,267
Human,0,963
Human,6,522
Human,4,2409
Human,5,2298
Human,5,366
Human,5,170
Human,5,2298
Human,6,273
Human,4,2232
Human,4,2232
Human,6,1017
Human,6,135
Human,6,504
Human,6,345
Human,6,1329
Human,5,1235
Human,6,3903
Human,6,3675
Human,6,453
Human,6,2880
Human,4,156
Human,4,1134
Human,4,687
Human,4,1143
Human,4,914
Human,4,748
Human,4,668
Human,4,577
Human,4,386
Human,4,1143
Human,2,2781
Human,2,225
Human,2,484
Human,2,366
Human,2,408
Human,2,594
Human,2,660
Human,0,1086
Human,6,717
Human,6,624
Human,6,624
Human,6,394
Human,6,1008
Human,6,960
Human,6,3027
Human,6,3030
Human,6,3030
Human,6,3030
Human,6,1276
Human,0,1248
Human,0,178
Human,0,1248
Human,0,1098
Human,0,1014
Human,0,1098
Human,1,1647
Human,1,1632
Human,1,1632
Human,2,522
Human,2,447
Human,2,211
Human,2,264
Human,2,522
Human,2,447
Human,3,1734
Human,3,1497
Human,3,1734
Human,3,1734
Human,3,333
Human,3,603
Human,3,627
Human,3,450
Human,3,185
Human,3,354
Human,3,317
Human,3,1734
Human,0,1623
Human,1,3030
Human,1,205
Human,1,311
Human,1,3030
Human,1,553
Human,1,639
Human,1,2904
Human,1,584
Human,1,2904
Human,1,417
Human,1,417
Human,1,417
Human,1,417
Human,1,417
Human,1,417
Human,1,417
Human,1,417
Human,1,417
Human,1,190
Human,3,957
Human,3,507
Human,3,657
Human,3,345
Human,4,141
Human,4,1677
Human,4,1515
Human,4,702
Human,4,1293
Human,4,456
Human,4,141
Human,4,532
Human,4,548
Human,4,446
Human,1,195
Human,1,3009
Human,1,3564
Human,1,429
Human,1,408
Human,1,2766
Human,1,249
Human,1,584
Human,1,356
Human,1,404
Human,1,3564
Human,4,394
Human,4,300
Human,4,1092
Human,4,930
Human,4,1092
Human,4,225
Human,4,642
Human,4,123
Human,4,261
Human,4,81
Human,4,882
Human,0,4155
Human,0,4296
Human,0,4425
Human,0,4386
Human,0,4380
Human,0,4251
Human,0,4212
Human,0,3534
Human,0,3372
Human,0,4212
Human,0,4056
Human,0,1416
Human,0,4296
Human,0,4380
Human,0,960
Human,0,960
Human,0,726
Human,0,960
Human,0,960
Human,5,2178
Human,5,270
Human,5,63
Human,0,2472
Human,0,2439
Human,0,2298
Human,0,2325
Human,0,2193
Human,0,2046
Human,0,2496
Human,0,993
Human,0,1140
Human,1,1590
Human,1,1590
Human,1,1590
Human,1,938
Human,1,1590
Human,6,753
Human,6,769
Human,6,420
Human,6,148
Human,6,97
Human,6,1443
Human,6,1170
Human,6,117
Human,6,1362
Human,6,1443
Human,4,419
Human,4,1506
Human,4,232
Human,6,741
Human,6,645
Human,6,660
Human,6,1389
Human,6,1389
Human,6,414
Human,0,960
Human,0,54
Human,0,960
Human,4,263
Human,4,407
Human,4,396
Human,4,4017
Human,4,310
Human,4,350
Human,4,189
Human,4,1158
Human,4,396
Human,6,1044
Human,0,1011
Human,6,1353
Human,6,355
Human,4,741
Human,4,114
Human,6,750
Human,0,450
Human,0,2073
Human,0,477
Human,6,1647
Human,6,1299
Human,6,285
Human,6,1647
Human,6,546
Human,6,711
Human,6,417
Human,0,2196
Human,4,387
Human,4,1179
Human,4,1179
Human,4,1179
Human,4,1179
Human,4,1350
Human,4,1179
Human,4,63
Human,2,195
Human,2,379
Human,2,195
Human,2,681
Human,2,1020
Human,2,687
Human,2,438
Human,2,411
Human,2,1020
Human,2,594
Human,2,621
Human,2,1020
Human,2,654
Human,2,1236
Human,2,195
Human,2,681
Human,2,195
Human,2,315
Human,2,810
Human,2,189
Human,2,204
Human,2,438
Human,2,195
Human,2,438
Human,2,1263
Human,2,189
Human,2,438
Human,2,1020
Human,0,7104
Human,3,1938
Human,4,2781
Human,4,2781
Human,4,1536
Human,4,2199
Human,4,66
Human,6,1389
Human,6,1389
Human,6,414
Human,2,1239
Human,2,426
Human,2,1974
Human,2,1638
Human,2,1239
Human,2,596
Human,2,1356
Human,6,2736
Human,6,429
Human,6,240
Human,6,1263
Human,6,546
Human,6,404
Human,6,224
Human,6,2736
Human,6,1755
Human,6,1185
Human,6,1095
Human,6,711
Human,6,301
Human,0,1581
Human,0,1314
Human,0,1959
Human,0,174
Human,0,1803
Human,3,388
Human,3,1851
Human,3,1440
Human,3,427
Human,3,2001
Human,3,2001
Human,3,405
Human,3,228
Human,3,405
Human,3,354
Human,3,114
Human,4,1650
Human,4,1650
Human,4,411
Human,4,1650
Human,4,234
Human,4,1590
Human,4,1590
Human,4,189
Human,4,361
Human,4,189
Human,6,1347
Human,6,1233
Human,4,150
Human,4,1203
Human,4,1401
Human,4,372
Human,4,1362
Human,4,573
Human,4,396
Human,4,421
Human,4,439
Human,4,447
Human,4,434
Human,4,434
Human,4,422
Human,4,473
Human,4,362
Human,4,353
Human,4,344
Human,4,536
Human,4,427
Human,4,242
Human,4,200
Human,4,228
Human,5,3480
Human,5,3498
Human,5,3522
Human,5,3501
Human,5,847
Human,5,584
Human,5,885
Human,5,930
Human,5,613
Human,5,329
Human,5,885
Human,4,435
Human,4,1011
Human,4,1056
Human,4,639
Human,4,843
Human,4,741
Human,4,456
Human,4,309
Human,4,111
Human,0,1503
Human,0,255
Human,0,1737
Human,0,1641
Human,0,1599
Human,6,1389
Human,6,1389
Human,4,807
Human,4,807
Human,4,807
Human,6,504
Human,6,192
Human,6,846
Human,6,153
Human,6,153
Human,6,168
Human,6,117
Human,6,750
Human,6,621
Human,6,621
Human,4,1062
Human,4,1260
Human,4,243
Human,4,1062
Human,4,823
Human,4,1260
Human,4,522
Human,4,1062
Human,4,747
Human,1,1182
Human,1,2814
Human,1,2649
Human,3,3795
Human,3,865
Human,3,522
Human,5,2796
Human,5,2562
Human,5,2448
Human,5,2631
Human,6,546
Human,5,6069
Human,5,912
Human,5,6054
Human,5,6054
Human,2,440
Human,2,1372
Human,2,1714
Human,2,1516
Human,2,1231
Human,2,105
Human,2,258
Human,2,1570
Human,2,349
Human,2,276
Human,6,3426
Human,6,2055
Human,6,771
Human,6,1965
Human,2,1164
Human,2,339
Human,2,1233
Human,2,1062
Human,2,456
Human,2,441
Human,2,1248
Human,2,1161
Human,2,129
Human,2,498
Human,2,129
Human,2,204
Human,4,1563
Human,4,1563
Human,4,287
Human,3,1356
Human,3,142
Human,3,1356
Human,3,306
Human,4,3462
Human,4,3345
Human,4,1263
Human,4,1302
Human,4,303
Human,0,1008
Human,3,2496
Human,3,387
Human,3,2247
Human,3,2181
Human,3,2220
Human,3,138
Human,3,231
Human,3,135
Human,0,1215
Human,0,801
Human,0,515
Human,3,2163
Human,3,2163
Human,3,287
Human,3,264
Human,3,423
Human,3,57
Human,5,279
Human,5,8070
Human,5,2130
Human,5,8334
Human,5,8259
Human,5,4422
Human,5,462
Human,5,578
Human,5,534
Human,5,8112
Human,6,1005
Human,6,680
Human,3,1152
Human,3,663
Human,3,1149
Human,3,1149
Human,3,1152
Human,3,255
Human,3,171
Human,3,672
Human,3,702
Human,3,522
Human,3,321
Human,3,55
Human,3,50
Human,3,336
Human,3,459
Human,3,336
Human,3,267
Human,6,972
Human,6,187
Human,6,972
Human,4,906
Human,4,609
Human,4,618
Human,6,642
Human,4,324
Human,4,324
Human,4,324
Human,4,870
Human,4,180
Human,4,616
Human,6,2661
Human,6,328
Human,6,447
Human,6,486
Human,6,1242
Human,6,21
Human,6,135
Human,6,117
Human,1,1524
Human,1,1521
Human,1,1527
Human,1,801
Human,1,711
Human,1,394
Human,1,524
Human,1,252
Human,1,39
Human,1,115
Human,1,1527
Human,1,1401
Human,6,1176
Human,6,67
Human,6,217
Human,6,1305
Human,6,527
Human,6,918
Human,6,333
Human,6,569
Human,5,2190
Human,5,2025
Human,5,1146
Human,0,1137
Human,5,326
Human,5,495
Human,5,476
Human,5,405
Human,5,174
Human,5,855
Human,5,852
Human,5,303
Human,4,507
Human,4,507
Human,4,507
Human,4,300
Human,0,4503
Human,0,4500
Human,0,4755
Human,0,4401
Human,0,4656
Human,0,4665
Human,0,2541
Human,0,1522
Human,0,5
Human,0,4758
Human,6,148
Human,6,387
Human,6,1320
Human,6,366
Human,3,1371
Human,3,1473
Human,3,1341
Human,3,885
Human,3,1764
Human,3,513
Human,3,387
Human,6,2112
Human,6,2103
Human,6,427
Human,6,1248
Human,6,1290
Human,6,1290
Human,0,1545
Human,0,1548
Human,0,1413
Human,6,1206
Human,6,612
Human,6,645
Human,6,645
Human,2,2961
Human,2,2934
Human,2,2997
Human,2,3048
Human,2,1374
Human,4,741
Human,4,114
Human,4,207
Human,4,369
Human,4,798
Human,4,798
Human,4,333
Human,4,556
Human,4,420
Human,4,402
Human,6,1308
Human,6,1134
Human,6,1211
Human,6,729
Human,3,627
Human,3,1740
Human,3,225
Human,3,339
Human,4,1725
Human,4,1764
Human,4,1653
Human,4,665
Human,6,330
Human,6,207
Human,6,330
Human,6,330
Human,6,225
Human,6,217
Human,6,2112
Human,6,2103
Human,6,427
Human,0,1632
Human,0,504
Human,0,534
Human,0,312
Human,0,906
Human,0,996
Human,0,582
Human,0,109
Human,0,438
Human,0,672
Human,6,744
Human,6,666
Human,6,570
Human,6,1809
Human,6,1881
Human,6,1671
Human,6,245
Human,6,159
Human,6,1824
Human,4,1347
Human,4,1986
Human,4,1986
Human,4,397
Human,5,1518
Human,0,1146
Human,0,1146
Human,0,1005
Human,1,2028
Human,1,2028
Human,1,2028
Human,6,3024
Human,6,603
Human,6,597
Human,6,2709
Human,6,2721
Human,6,573
Human,6,297
Human,6,1152
Human,6,1212
Human,6,1122
Human,3,3795
Human,3,865
Human,3,522
Human,4,1464
Human,4,246
Human,4,183
Human,4,1662
Human,4,846
Human,4,793
Human,4,1662
Human,6,693
Human,6,678
Human,6,436
Human,6,915
Human,6,927
Human,6,645
Human,6,558
Human,3,417
Human,3,642
Human,3,936
Human,3,171
Human,6,1503
Human,6,1452
Human,6,1314
Human,0,1077
Human,3,3192
Human,3,978
Human,3,345
Human,3,3282
Human,3,3186
Human,1,3417
Human,1,1140
Human,6,768
Human,6,798
Human,6,483
Human,6,417
Human,6,564
Human,0,2724
Human,0,2508
Human,0,2652
Human,4,429
Human,4,429
Human,4,429
Human,3,2136
Human,3,2013
Human,3,471
Human,3,463
Human,3,435
Human,3,384
Human,3,379
Human,3,162
Human,3,2136
Human,6,330
Human,6,1728
Human,0,1044
Human,6,1398
Human,6,1005
Human,6,387
Human,0,1650
Human,0,210
Human,0,1290
Human,0,948
Human,0,3648
Human,5,2190
Human,5,2025
Human,5,1146
Human,3,3192
Human,3,978
Human,3,345
Human,3,3186
Human,3,3282
Human,6,807
Human,4,379
Human,4,1095
Human,4,462
Human,4,482
Human,4,1167
Human,4,2106
Human,4,2106
Human,4,2106
Human,4,771
Human,4,588
Human,0,1137
Human,6,501
Human,4,1527
Human,4,1401
Human,0,237
Human,0,2445
Human,0,2433
Human,0,2445
Human,0,946
Human,0,1002
Human,0,116
Human,5,2907
Human,5,1161
Human,5,1161
Human,1,1269
Human,1,250
Human,1,262
Human,1,249
Human,1,196
Human,1,122
Human,2,996
Human,2,1061
Human,2,851
Human,2,6900
Human,2,440
Human,2,6999
Human,0,1155
Human,4,1899
Human,4,1578
Human,4,689
Human,4,159
Human,4,497
Human,4,787
Human,4,498
Human,0,1074
Human,0,821
Human,0,201
Human,2,6948
Human,2,4347
Human,0,375
Human,0,1368
Human,0,375
Human,0,690
Human,0,168
Human,0,1293
Human,0,1293
Human,6,1419
Human,6,336
Human,3,1782
Human,5,2547
Human,5,2766
Human,5,831
Human,5,2382
Human,5,279
Human,1,2631
Human,1,2631
Human,1,2742
Human,1,2742
Human,1,2631
Human,1,628
Human,1,1479
Human,1,500
Human,1,443
Human,1,417
Human,1,190
Human,1,1137
Human,1,2304
Human,1,2742
Human,1,2685
Human,1,732
Human,4,150
Human,4,297
Human,4,168
Human,4,285
Human,4,150
Human,4,267
Human,4,58
Human,6,267
Human,6,6738
Human,6,6738
Human,6,987
Human,6,159
Human,6,201
Human,6,117
Human,6,96
Human,6,87
Human,0,993
Human,0,149
Human,0,244
Human,0,212
Human,0,272
Human,0,422
Human,0,294
Human,0,2064
Human,0,2082
Human,0,310
Human,0,768
Human,0,2082
Human,0,332
Human,0,377
Human,0,439
Human,0,487
Human,0,356
Human,0,357
Human,0,502
Human,0,127
Human,0,479
Human,0,2064
Human,0,339
Human,0,169
Human,0,322
Human,0,348
Human,0,2064
Human,0,294
Human,0,2064
Human,0,594
Human,0,294
Human,0,236
Human,0,434
Human,0,270
Human,0,344
Human,0,349
Human,0,295
Human,0,285
Human,0,253
Human,0,232
Human,0,504
Human,0,19
Human,0,164
Human,0,282
Human,0,291
Human,0,294
Human,0,354
Human,0,205
Human,0,354
Human,0,2064
Human,0,377
Human,0,300
Human,0,253
Human,0,333
Human,0,283
Human,0,502
Human,0,462
Human,0,394
Human,0,355
Human,0,597
Human,0,493
Human,0,393
Human,0,367
Human,0,459
Human,0,563
Human,0,2079
Human,0,1260
Human,4,277
Human,4,340
Human,4,1032
Human,4,409
Human,4,1185
Human,4,1185
Human,4,921
Human,4,95
Human,4,577
Human,1,1986
Human,1,2001
Human,1,234
Human,1,12
Human,1,253
Human,6,1485
Human,6,1452
Human,6,1452
Human,6,237
Human,6,235
Human,6,489
Human,6,354
Human,6,354
Human,6,501
Human,3,3795
Human,3,865
Human,3,522
Human,6,876
Human,6,222
Human,6,596
Human,6,378
Human,6,494
Human,6,1005
Human,6,1437
Human,6,168
Human,6,309
Human,6,1335
Human,6,1767
Human,6,86
Human,6,1233
Human,6,360
Human,6,707
Human,6,476
Human,6,675
Human,6,645
Human,6,669
Human,6,588
Human,6,51
Human,6,339
Human,6,285
Human,6,257
Human,6,434
Human,3,1647
Human,3,411
Human,3,525
Human,3,501
Human,3,490
Human,3,385
Human,3,487
Human,3,144
Human,6,2262
Human,6,1314
Human,0,2229
Human,0,464
Human,0,470
Human,0,2361
Human,0,493
Human,0,2508
Human,6,2004
Human,6,1443
Human,6,222
Human,6,1119
Human,6,1560
Human,6,993
Human,4,1200
Human,4,241
Human,4,723
Human,6,1539
Human,6,1686
Human,6,1521
Human,0,1692
Human,6,1956
Human,6,1917
Human,6,918
Human,6,1866
Human,6,1857
Human,3,1878
Human,3,1794
Human,3,204
Human,3,375
Human,3,231
Human,3,261
Human,3,315
Human,3,308
Human,3,768
Human,4,912
Human,4,377
Human,6,2112
Human,6,2103
Human,6,427
Human,4,1338
Human,4,751
Human,2,392
Human,2,177
Human,2,1794
Human,2,495
Human,2,1788
Human,2,219
Human,2,183
Human,2,452
Human,2,432
Human,2,171
Human,2,1875
Human,4,1242
Human,4,107
Human,4,726
Human,4,39
Human,4,660
Human,4,726
Human,4,726
Human,6,282
Human,6,690
Human,6,1857
Human,6,1536
Human,6,219
Human,6,1290
Human,6,996
Human,3,1425
Human,3,1092
Human,5,2922
Human,3,1641
Human,3,2703
Human,3,423
Human,3,333
Human,3,288
Human,3,345
Human,3,216
Human,3,183
Human,3,700
Human,3,177
Human,3,660
Human,3,360
Human,3,246
Human,3,375
Human,3,288
Human,3,216
Human,3,183
Human,1,2538
Human,1,2673
Human,1,366
Human,1,858
Human,1,66
Human,5,1632
Human,5,1224
Human,5,1596
Human,5,1224
Human,5,1650
Human,5,435
Human,5,450
Human,3,6678
Human,3,6489
Human,3,807
Human,3,839
Human,3,882
Human,3,2181
Human,3,2181
Human,3,277
Human,3,701
Human,3,231
Human,3,2181
Human,6,1038
Human,6,1041
Human,6,750
Human,6,558
Human,6,522
Human,6,549
Human,6,393
Human,5,2370
Human,5,2394
Human,3,2220
Human,3,240
Human,3,234
Human,3,240
Human,5,2397
Human,6,333
Human,6,96
Human,6,342
Human,6,2682
Human,6,651
Human,6,3534
Human,6,3444
Human,6,473
Human,6,492
Human,6,976
Human,6,198
Human,2,1383
Human,2,1062
Human,2,147
Human,2,810
Human,6,1188
Human,6,156
Human,6,1188
Human,6,459
Human,6,372
Human,6,71
Human,4,1656
Human,4,1656
Human,4,1656
Human,4,1656
Human,4,450
Human,4,480
Human,4,675
Human,4,531
Human,0,1005
Human,0,1005
Human,4,1101
Human,4,942
Human,4,933
Human,6,957
Human,6,981
Human,6,608
Human,1,474
Human,1,1647
Human,1,1824
Human,1,282
Human,1,1833
Human,6,1005
Human,6,1689
Human,6,1431
Human,6,1473
Human,6,1431
Human,6,807
Human,6,803
Human,6,734
Human,6,668
Human,6,237
Human,6,213
Human,6,98
Human,6,36
Human,6,36
Human,6,1431
Human,6,1176
Human,3,963
Human,3,729
Human,3,147
Human,3,756
Human,6,483
Human,6,483
Human,4,510
Human,4,1227
Human,4,1953
Human,4,420
Human,4,516
Human,4,654
Human,4,234
Human,4,114
Human,2,4323
Human,2,4389
Human,2,4341
Human,2,4377
Human,2,4320
Human,2,4419
Human,2,1030
Human,2,782
Human,2,63
Human,2,613
Human,2,747
Human,2,234
Human,2,120
Human,0,2856
Human,0,2784
Human,0,477
Human,1,1611
Human,1,1611
Human,1,1629
Human,1,1611
Human,2,4323
Human,2,4389
Human,2,4341
Human,2,4377
Human,2,4320
Human,2,4419
Human,2,942
Human,2,782
Human,2,63
Human,2,613
Human,2,747
Human,2,234
Human,2,120
Human,1,752
Human,1,752
Human,1,752
Human,1,752
Human,1,752
Human,1,628
Human,1,140
Human,1,500
Human,1,443
Human,1,417
Human,1,190
Human,1,165
Human,1,398
Human,1,860
Human,1,2742
Human,1,302
Human,1,108
Human,1,154
Human,1,380
Human,1,2631
Human,1,344
Human,1,175
Human,1,234
Human,1,210
Human,1,460
Human,1,2631
Human,1,443
Human,1,219
Human,1,510
Human,1,108
Human,1,415
Human,1,256
Human,1,154
Human,1,428
Human,1,2631
Human,1,481
Human,1,801
Human,1,2742
Human,1,208
Human,1,732
Human,1,2685
Human,1,336
Human,1,628
Human,1,416
Human,1,367
Human,1,589
Human,1,125
Human,1,2631
Human,1,2760
Human,1,589
Human,1,1479
Human,1,516
Human,1,834
Human,1,2304
Human,1,2631
Human,1,2742
Human,1,732
Human,2,6648
Human,2,6384
Human,2,5724
Human,2,5724
Human,2,5994
Human,2,4752
Human,2,4221
Human,2,312
Human,6,1554
Human,6,1302
Human,6,1144
Human,6,381
Human,6,951
Human,6,675
Human,6,693
Human,6,987
Human,6,774
Human,6,345
Human,6,552
Human,6,567
Human,6,1365
Human,6,1320
Human,6,1362
Human,6,179
Human,6,1365
Human,6,3294
Human,6,3294
Human,6,1023
Human,6,921
Human,6,987
Human,6,1029
Human,6,1023
Human,6,1005
Human,6,945
Human,0,1089
Human,0,1134
Human,6,2355
Human,6,1824
Human,6,1965
Human,6,627
Human,6,817
Human,4,426
Human,4,597
Human,4,426
Human,4,426
Human,4,474
Human,4,51
Human,0,1767
Human,0,915
Human,0,855
Human,0,684
Human,4,1053
Human,4,1014
Human,4,720
Human,4,651
Human,4,1119
Human,6,3975
Human,6,105
Human,6,3464
Human,6,3684
Human,5,4929
Human,5,4878
Human,5,4812
Human,5,4812
Human,5,690
Human,4,246
Human,4,1086
Human,4,358
Human,4,1035
Human,4,915
Human,4,573
Human,4,573
Human,4,1035
Human,4,246
Human,4,966
Human,4,192
Human,4,993
Human,4,561
Human,4,561
Human,4,1035
Human,1,4062
Human,1,3459
Human,1,717
Human,1,3459
Human,1,4017
Human,1,387
Human,6,1545
Human,6,212
Human,6,373
Human,6,1545
Human,6,85
Human,6,325
Human,6,1545
Human,6,333
Human,6,1365
Human,6,465
Human,6,258
Human,0,1302
Human,4,273
Human,4,954
Human,4,273
Human,4,360
Human,4,273
Human,4,147
Human,4,210
Human,4,453
Human,4,282
Human,4,315
Human,3,1557
Human,3,987
Human,3,1557
Human,3,564
Human,3,1563
Human,3,711
Human,3,408
Human,3,273
Human,1,1986
Human,1,2001
Human,1,234
Human,1,12
Human,1,253
Human,6,5883
Human,6,5817
Human,6,753
Human,6,459
Human,6,5883
Human,6,5817
Human,6,753
Human,6,459
Human,6,1314
Human,6,5883
Human,6,5817
Human,6,753
Human,6,459
Human,2,5739
Human,2,4491
Human,2,4509
Human,2,4521
Human,2,5739
Human,2,4518
Human,2,5739
Human,2,4518
Human,2,4518
Human,2,893
Human,2,609
Human,2,279
Human,6,5883
Human,6,5817
Human,6,753
Human,6,459
Human,0,1068
Human,0,1068
Human,0,1068
Human,0,1068
Human,0,682
Human,0,535
Human,0,412
Human,0,248
Human,0,221
Human,0,57
Human,6,5883
Human,6,5817
Human,6,753
Human,6,459
Chimpanzee,4,207
Chimpanzee,4,681
Chimpanzee,4,1248
Chimpanzee,4,1239
Chimpanzee,6,1008
Chimpanzee,6,960
Chimpanzee,0,1086
Chimpanzee,6,1764
Chimpanzee,6,1353
Chimpanzee,1,4512
Chimpanzee,1,4485
Chimpanzee,4,1965
Chimpanzee,4,1227
Chimpanzee,0,960
Chimpanzee,3,963
Chimpanzee,3,756
Chimpanzee,6,1218
Chimpanzee,0,993
Chimpanzee,3,2175
Chimpanzee,6,2301
Chimpanzee,6,2304
Chimpanzee,6,888
Chimpanzee,0,1527
Chimpanzee,3,1428
Chimpanzee,4,1923
Chimpanzee,0,1011
Chimpanzee,0,1260
Chimpanzee,6,972
Chimpanzee,0,1002
Chimpanzee,2,1782
Chimpanzee,0,1086
Chimpanzee,4,156
Chimpanzee,6,1026
Chimpanzee,3,1521
Chimpanzee,3,1572
Chimpanzee,3,1521
Chimpanzee,4,2232
Chimpanzee,5,1395
Chimpanzee,0,1128
Chimpanzee,6,1581
Chimpanzee,6,1614
Chimpanzee,6,1518
Chimpanzee,0,1191
Chimpanzee,0,1014
Chimpanzee,0,2508
Chimpanzee,0,2361
Chimpanzee,0,2229
Chimpanzee,0,2523
Chimpanzee,6,501
Chimpanzee,6,237
Chimpanzee,6,477
Chimpanzee,6,165
Chimpanzee,4,1200
Chimpanzee,4,1026
Chimpanzee,4,723
Chimpanzee,0,1494
Chimpanzee,2,4356
Chimpanzee,2,3138
Chimpanzee,0,996
Chimpanzee,6,1041
Chimpanzee,0,978
Chimpanzee,0,1128
Chimpanzee,0,1248
Chimpanzee,6,1026
Chimpanzee,6,1044
Chimpanzee,6,957
Chimpanzee,6,327
Chimpanzee,0,1083
Chimpanzee,4,1776
Chimpanzee,4,1779
Chimpanzee,6,1047
Chimpanzee,6,1362
Chimpanzee,6,1170
Chimpanzee,6,1443
Chimpanzee,6,1428
Chimpanzee,6,1389
Chimpanzee,6,753
Chimpanzee,6,1101
Chimpanzee,6,1020
Chimpanzee,0,1044
Chimpanzee,0,960
Chimpanzee,4,1899
Chimpanzee,4,1848
Chimpanzee,4,159
Chimpanzee,0,1002
Chimpanzee,1,1539
Chimpanzee,6,1857
Chimpanzee,6,1860
Chimpanzee,6,1290
Chimpanzee,6,819
Chimpanzee,0,1002
Chimpanzee,0,1413
Chimpanzee,6,1131
Chimpanzee,0,1260
Chimpanzee,6,996
Chimpanzee,6,1011
Chimpanzee,6,801
Chimpanzee,6,609
Chimpanzee,6,1011
Chimpanzee,0,1071
Chimpanzee,6,621
Chimpanzee,4,720
Chimpanzee,3,1110
Chimpanzee,3,990
Chimpanzee,3,963
Chimpanzee,3,510
Chimpanzee,3,237
Chimpanzee,3,144
Chimpanzee,0,1308
Chimpanzee,6,459
Chimpanzee,0,1215
Chimpanzee,0,1068
Chimpanzee,6,1797
Chimpanzee,6,1044
Chimpanzee,0,1302
Chimpanzee,0,2787
Chimpanzee,0,1356
Chimpanzee,1,2685
Chimpanzee,1,2658
Chimpanzee,2,2940
Chimpanzee,2,2853
Chimpanzee,2,2913
Chimpanzee,2,2637
Chimpanzee,0,918
Chimpanzee,2,4092
Chimpanzee,2,5406
Chimpanzee,2,5379
Chimpanzee,2,609
Chimpanzee,4,2736
Chimpanzee,4,2781
Chimpanzee,4,2736
Chimpanzee,4,2664
Chimpanzee,0,4188
Chimpanzee,0,1077
Chimpanzee,3,1734
Chimpanzee,3,627
Chimpanzee,4,1644
Chimpanzee,0,1122
Chimpanzee,6,699
Chimpanzee,3,1530
Chimpanzee,3,1410
Chimpanzee,3,1287
Chimpanzee,3,1308
Chimpanzee,3,1188
Chimpanzee,4,156
Chimpanzee,0,1008
Chimpanzee,0,1155
Chimpanzee,0,1038
Chimpanzee,0,903
Chimpanzee,0,4155
Chimpanzee,0,3534
Chimpanzee,0,3372
Chimpanzee,0,4380
Chimpanzee,0,4212
Chimpanzee,0,4443
Chimpanzee,0,4155
Chimpanzee,0,4353
Chimpanzee,4,1590
Chimpanzee,6,1545
Chimpanzee,6,1581
Chimpanzee,6,1296
Chimpanzee,3,1782
Chimpanzee,6,582
Chimpanzee,0,1005
Chimpanzee,6,546
Chimpanzee,0,2517
Chimpanzee,0,2463
Chimpanzee,0,2316
Chimpanzee,0,2289
Chimpanzee,0,2184
Chimpanzee,0,2037
Chimpanzee,0,2487
Chimpanzee,0,2502
Chimpanzee,6,1572
Chimpanzee,6,1710
Chimpanzee,6,1635
Chimpanzee,6,1251
Chimpanzee,6,837
Chimpanzee,6,771
Chimpanzee,0,960
Chimpanzee,6,522
Chimpanzee,0,1014
Chimpanzee,1,1581
Chimpanzee,1,186
Chimpanzee,0,2082
Chimpanzee,6,471
Chimpanzee,6,1038
Chimpanzee,4,915
Chimpanzee,1,1356
Chimpanzee,1,405
Chimpanzee,5,3261
Chimpanzee,4,1401
Chimpanzee,4,1203
Chimpanzee,4,1362
Chimpanzee,0,2073
Chimpanzee,0,2076
Chimpanzee,2,3921
Chimpanzee,2,3438
Chimpanzee,2,3789
Chimpanzee,2,3306
Chimpanzee,2,264
Chimpanzee,0,1887
Chimpanzee,0,1869
Chimpanzee,5,2922
Chimpanzee,4,1764
Chimpanzee,4,1653
Chimpanzee,4,1725
Chimpanzee,4,1806
Chimpanzee,4,1563
Chimpanzee,2,1236
Chimpanzee,2,681
Chimpanzee,2,621
Chimpanzee,2,1263
Chimpanzee,2,438
Chimpanzee,2,810
Chimpanzee,2,687
Chimpanzee,2,1260
Chimpanzee,0,1464
Chimpanzee,0,1365
Chimpanzee,0,429
Chimpanzee,6,1431
Chimpanzee,6,1473
Chimpanzee,6,1470
Chimpanzee,6,1176
Chimpanzee,6,1359
Chimpanzee,1,2919
Chimpanzee,1,2916
Chimpanzee,3,936
Chimpanzee,6,825
Chimpanzee,6,753
Chimpanzee,5,2388
Chimpanzee,5,2286
Chimpanzee,0,1362
Chimpanzee,0,900
Chimpanzee,4,1782
Chimpanzee,1,2640
Chimpanzee,1,2610
Chimpanzee,1,2586
Chimpanzee,1,2352
Chimpanzee,1,1518
Chimpanzee,4,771
Chimpanzee,4,588
Chimpanzee,1,2469
Chimpanzee,1,1944
Chimpanzee,1,1362
Chimpanzee,1,1230
Chimpanzee,6,1452
Chimpanzee,6,354
Chimpanzee,6,1422
Chimpanzee,6,1425
Chimpanzee,6,1014
Chimpanzee,6,876
Chimpanzee,3,1443
Chimpanzee,5,2520
Chimpanzee,5,2340
Chimpanzee,5,2553
Chimpanzee,1,2469
Chimpanzee,1,2295
Chimpanzee,1,2259
Chimpanzee,1,2484
Chimpanzee,1,2025
Chimpanzee,3,2067
Chimpanzee,3,1707
Chimpanzee,3,1725
Chimpanzee,3,2001
Chimpanzee,3,459
Chimpanzee,6,1782
Chimpanzee,6,1611
Chimpanzee,6,1734
Chimpanzee,3,2712
Chimpanzee,3,2583
Chimpanzee,6,2262
Chimpanzee,0,1368
Chimpanzee,0,1548
Chimpanzee,0,1545
Chimpanzee,0,1413
Chimpanzee,5,2394
Chimpanzee,5,2382
Chimpanzee,5,1923
Chimpanzee,6,1554
Chimpanzee,6,1485
Chimpanzee,6,504
Chimpanzee,5,7551
Chimpanzee,5,7533
Chimpanzee,5,1122
Chimpanzee,0,1014
Chimpanzee,4,4407
Chimpanzee,4,4305
Chimpanzee,4,4233
Chimpanzee,3,2160
Chimpanzee,0,1023
Chimpanzee,6,1056
Chimpanzee,1,3555
Chimpanzee,1,2742
Chimpanzee,3,3039
Chimpanzee,6,606
Chimpanzee,6,1950
Chimpanzee,6,2178
Chimpanzee,5,6054
Chimpanzee,5,5949
Chimpanzee,6,2604
Chimpanzee,3,2220
Chimpanzee,3,2103
Chimpanzee,3,240
Chimpanzee,4,954
Chimpanzee,4,273
Chimpanzee,6,2469
Chimpanzee,6,492
Chimpanzee,6,450
Chimpanzee,6,624
Chimpanzee,6,1395
Chimpanzee,6,762
Chimpanzee,6,1395
Chimpanzee,3,2409
Chimpanzee,3,2301
Chimpanzee,4,1338
Chimpanzee,4,1284
Chimpanzee,6,1224
Chimpanzee,6,1245
Chimpanzee,6,366
Chimpanzee,6,438
Chimpanzee,3,2496
Chimpanzee,3,2247
Chimpanzee,3,2499
Chimpanzee,3,2487
Chimpanzee,3,2244
Chimpanzee,3,2238
Chimpanzee,3,2220
Chimpanzee,3,2250
Chimpanzee,3,681
Chimpanzee,3,390
Chimpanzee,6,2721
Chimpanzee,6,603
Chimpanzee,6,3024
Chimpanzee,6,3363
Chimpanzee,6,2502
Chimpanzee,2,3651
Chimpanzee,2,3504
Chimpanzee,2,3558
Chimpanzee,5,1239
Chimpanzee,4,1692
Chimpanzee,4,1521
Chimpanzee,4,1437
Chimpanzee,3,2958
Chimpanzee,3,2949
Chimpanzee,0,4425
Chimpanzee,0,4410
Chimpanzee,0,4434
Chimpanzee,0,4434
Chimpanzee,0,405
Chimpanzee,5,2376
Chimpanzee,5,2385
Chimpanzee,5,2337
Chimpanzee,4,507
Chimpanzee,4,2520
Chimpanzee,6,957
Chimpanzee,6,981
Chimpanzee,1,1518
Chimpanzee,1,2742
Chimpanzee,1,2631
Chimpanzee,1,2685
Chimpanzee,1,2742
Chimpanzee,1,2742
Chimpanzee,1,2763
Chimpanzee,1,2325
Chimpanzee,1,1410
Chimpanzee,1,732
Chimpanzee,3,2808
Chimpanzee,3,3063
Chimpanzee,3,2976
Chimpanzee,3,2811
Chimpanzee,3,2649
Chimpanzee,1,4161
Chimpanzee,1,4113
Chimpanzee,1,3927
Chimpanzee,2,6948
Chimpanzee,2,6927
Chimpanzee,2,6891
Chimpanzee,5,4929
Chimpanzee,5,4878
Chimpanzee,5,4911
Chimpanzee,5,4878
Chimpanzee,6,1509
Chimpanzee,6,1353
Chimpanzee,6,1275
Chimpanzee,6,1455
Chimpanzee,6,843
Chimpanzee,6,357
Chimpanzee,0,1077
Chimpanzee,4,1134
Chimpanzee,4,1128
Chimpanzee,6,3435
Chimpanzee,6,1776
Chimpanzee,6,3216
Chimpanzee,1,4143
Chimpanzee,1,3834
Chimpanzee,1,4029
Chimpanzee,1,4062
Chimpanzee,6,1287
Chimpanzee,0,1269
Chimpanzee,0,1143
Chimpanzee,4,1503
Chimpanzee,6,1308
Chimpanzee,6,1134
Chimpanzee,6,2355
Chimpanzee,0,2070
Chimpanzee,0,1227
Chimpanzee,1,2982
Chimpanzee,1,2916
Chimpanzee,1,2154
Chimpanzee,6,1800
Chimpanzee,6,1716
Chimpanzee,4,1671
Chimpanzee,4,1593
Chimpanzee,4,453
Chimpanzee,4,978
Chimpanzee,6,1347
Chimpanzee,6,1233
Chimpanzee,6,621
Chimpanzee,0,3963
Chimpanzee,0,1146
Chimpanzee,6,1077
Chimpanzee,6,204
Chimpanzee,4,1371
Chimpanzee,6,798
Chimpanzee,6,564
Chimpanzee,6,483
Chimpanzee,1,2205
Chimpanzee,1,2595
Chimpanzee,1,1689
Chimpanzee,4,846
Chimpanzee,4,1662
Chimpanzee,0,1662
Chimpanzee,3,1083
Chimpanzee,3,1329
Chimpanzee,3,1506
Chimpanzee,4,912
Chimpanzee,3,2163
Chimpanzee,3,1416
Chimpanzee,3,1317
Chimpanzee,3,123
Chimpanzee,6,489
Chimpanzee,6,441
Chimpanzee,4,1056
Chimpanzee,4,852
Chimpanzee,4,723
Chimpanzee,4,1008
Chimpanzee,4,729
Chimpanzee,4,795
Chimpanzee,1,3213
Chimpanzee,1,3093
Chimpanzee,1,3045
Chimpanzee,1,2823
Chimpanzee,1,3237
Chimpanzee,1,3183
Chimpanzee,1,3189
Chimpanzee,4,1239
Chimpanzee,3,1737
Chimpanzee,3,1764
Chimpanzee,6,1860
Chimpanzee,6,1086
Chimpanzee,6,408
Chimpanzee,6,2289
Chimpanzee,6,2154
Chimpanzee,6,2130
Chimpanzee,6,2226
Chimpanzee,3,6678
Chimpanzee,3,6690
Chimpanzee,3,6501
Chimpanzee,4,2853
Chimpanzee,4,2484
Chimpanzee,4,2775
Chimpanzee,3,1770
Chimpanzee,3,1731
Chimpanzee,4,3591
Chimpanzee,4,3462
Chimpanzee,4,2853
Chimpanzee,4,3591
Chimpanzee,4,3339
Chimpanzee,4,3588
Chimpanzee,3,1686
Chimpanzee,3,1266
Chimpanzee,3,1206
Chimpanzee,1,3117
Chimpanzee,1,3261
Chimpanzee,1,3123
Chimpanzee,1,3108
Chimpanzee,1,3138
Chimpanzee,1,261
Chimpanzee,6,1389
Chimpanzee,6,1056
Chimpanzee,6,495
Chimpanzee,4,420
Chimpanzee,4,393
Chimpanzee,4,483
Chimpanzee,4,384
Chimpanzee,4,495
Chimpanzee,4,486
Chimpanzee,2,2424
Chimpanzee,2,2352
Chimpanzee,2,2262
Chimpanzee,2,2259
Chimpanzee,2,2007
Chimpanzee,2,540
Chimpanzee,2,408
Chimpanzee,5,2190
Chimpanzee,5,2199
Chimpanzee,6,2286
Chimpanzee,6,1923
Chimpanzee,6,1818
Chimpanzee,6,2181
Chimpanzee,6,2169
Chimpanzee,6,1812
Chimpanzee,6,1668
Chimpanzee,6,1839
Chimpanzee,6,1167
Chimpanzee,6,1053
Chimpanzee,1,3450
Chimpanzee,1,3393
Chimpanzee,1,3324
Chimpanzee,1,3441
Chimpanzee,5,234
Chimpanzee,5,3921
Chimpanzee,5,309
Chimpanzee,4,741
Chimpanzee,6,2016
Chimpanzee,6,639
Chimpanzee,6,231
Chimpanzee,6,1389
Chimpanzee,4,459
Chimpanzee,0,1368
Chimpanzee,0,168
Chimpanzee,1,1434
Chimpanzee,1,2469
Chimpanzee,1,2517
Chimpanzee,1,1662
Chimpanzee,2,4341
Chimpanzee,2,4311
Chimpanzee,2,4365
Chimpanzee,2,4323
Chimpanzee,0,2904
Chimpanzee,0,2748
Chimpanzee,0,2487
Chimpanzee,4,1446
Chimpanzee,4,1605
Chimpanzee,2,4338
Chimpanzee,2,4251
Chimpanzee,2,4101
Chimpanzee,0,4017
Chimpanzee,0,3366
Chimpanzee,1,2673
Chimpanzee,1,1167
Chimpanzee,0,1215
Chimpanzee,0,1212
Chimpanzee,0,1266
Chimpanzee,3,768
Chimpanzee,3,1545
Chimpanzee,3,1155
Chimpanzee,6,2280
Chimpanzee,6,2070
Chimpanzee,4,2214
Chimpanzee,4,2022
Chimpanzee,4,2163
Chimpanzee,6,987
Chimpanzee,2,3339
Chimpanzee,2,2808
Chimpanzee,6,558
Chimpanzee,6,5895
Chimpanzee,6,5829
Chimpanzee,6,5877
Chimpanzee,6,5856
Chimpanzee,2,3084
Chimpanzee,2,2949
Chimpanzee,2,2637
Chimpanzee,4,312
Chimpanzee,4,231
Chimpanzee,5,1650
Chimpanzee,5,1632
Chimpanzee,0,1134
Chimpanzee,0,1092
Chimpanzee,6,3444
Chimpanzee,6,3534
Chimpanzee,6,651
Chimpanzee,5,5598
Chimpanzee,5,5532
Chimpanzee,3,2220
Chimpanzee,3,1980
Chimpanzee,2,522
Chimpanzee,2,447
Chimpanzee,2,420
Chimpanzee,2,453
Chimpanzee,6,645
Chimpanzee,0,1290
Chimpanzee,3,1083
Chimpanzee,3,990
Chimpanzee,4,2103
Chimpanzee,4,1794
Chimpanzee,1,4227
Chimpanzee,1,4242
Chimpanzee,1,2295
Chimpanzee,1,1794
Chimpanzee,2,4923
Chimpanzee,3,2169
Chimpanzee,3,2169
Chimpanzee,3,2127
Chimpanzee,3,2118
Chimpanzee,3,2124
Chimpanzee,3,1869
Chimpanzee,2,7473
Chimpanzee,2,6885
Chimpanzee,2,7458
Chimpanzee,2,7401
Chimpanzee,2,684
Chimpanzee,5,1518
Chimpanzee,6,3042
Chimpanzee,6,3030
Chimpanzee,5,2295
Chimpanzee,6,1359
Chimpanzee,6,780
Chimpanzee,6,1161
Chimpanzee,2,3525
Chimpanzee,2,3381
Chimpanzee,6,4323
Chimpanzee,6,1155
Chimpanzee,2,1233
Chimpanzee,2,1062
Chimpanzee,2,1266
Chimpanzee,2,1161
Chimpanzee,1,2283
Chimpanzee,1,1146
Chimpanzee,1,2373
Chimpanzee,1,2391
Chimpanzee,5,2298
Chimpanzee,5,1851
Chimpanzee,4,1752
Chimpanzee,4,1773
Chimpanzee,4,1752
Chimpanzee,4,645
Chimpanzee,0,1008
Chimpanzee,4,1482
Chimpanzee,4,1440
Chimpanzee,4,1377
Chimpanzee,4,285
Chimpanzee,3,1743
Chimpanzee,6,1647
Chimpanzee,6,1656
Chimpanzee,5,8259
Chimpanzee,5,8334
Chimpanzee,5,8070
Chimpanzee,5,8112
Chimpanzee,5,8034
Chimpanzee,5,4269
Chimpanzee,4,1527
Chimpanzee,4,1401
Chimpanzee,6,3162
Chimpanzee,6,831
Chimpanzee,6,3123
Chimpanzee,6,807
Chimpanzee,6,3429
Chimpanzee,6,2058
Chimpanzee,3,1938
Chimpanzee,3,1158
Chimpanzee,6,645
Chimpanzee,6,693
Chimpanzee,4,1134
Chimpanzee,3,1527
Chimpanzee,3,1605
Chimpanzee,3,1434
Chimpanzee,5,1587
Chimpanzee,5,1689
Chimpanzee,6,2295
Chimpanzee,6,2184
Chimpanzee,6,1950
Chimpanzee,6,2274
Chimpanzee,1,1839
Chimpanzee,1,1908
Chimpanzee,1,1896
Chimpanzee,6,1611
Chimpanzee,6,1557
Chimpanzee,0,1830
Chimpanzee,4,4524
Chimpanzee,4,4506
Chimpanzee,4,1080
Chimpanzee,6,1581
Chimpanzee,6,1587
Chimpanzee,6,1374
Chimpanzee,6,1038
Chimpanzee,1,708
Chimpanzee,0,2610
Chimpanzee,0,2553
Chimpanzee,0,471
Chimpanzee,5,3519
Chimpanzee,5,3429
Chimpanzee,6,2121
Chimpanzee,6,2049
Chimpanzee,6,2019
Chimpanzee,6,1341
Chimpanzee,6,1611
Chimpanzee,6,1020
Chimpanzee,3,1734
Chimpanzee,3,627
Chimpanzee,4,1005
Chimpanzee,4,1176
Chimpanzee,4,1053
Chimpanzee,4,579
Chimpanzee,6,660
Chimpanzee,6,651
Chimpanzee,6,1314
Chimpanzee,4,696
Chimpanzee,0,4839
Chimpanzee,0,4752
Chimpanzee,0,4752
Chimpanzee,0,3468
Chimpanzee,4,807
Chimpanzee,4,729
Chimpanzee,6,492
Chimpanzee,5,1875
Chimpanzee,5,1572
Chimpanzee,5,1650
Chimpanzee,0,1215
Chimpanzee,3,957
Chimpanzee,3,660
Chimpanzee,6,3060
Chimpanzee,6,3558
Chimpanzee,6,3552
Chimpanzee,3,2097
Chimpanzee,3,2097
Chimpanzee,3,1584
Chimpanzee,3,1995
Chimpanzee,3,381
Chimpanzee,6,1326
Chimpanzee,6,1458
Chimpanzee,6,1065
Chimpanzee,6,678
Chimpanzee,6,819
Chimpanzee,0,1650
Chimpanzee,0,948
Chimpanzee,0,1332
Chimpanzee,6,1038
Chimpanzee,6,1008
Chimpanzee,3,1119
Chimpanzee,3,969
Chimpanzee,3,990
Chimpanzee,3,810
Chimpanzee,3,729
Chimpanzee,3,681
Chimpanzee,3,786
Chimpanzee,6,3837
Chimpanzee,6,3813
Chimpanzee,6,1089
Chimpanzee,0,2196
Chimpanzee,2,3564
Chimpanzee,2,3555
Chimpanzee,2,636
Chimpanzee,4,597
Chimpanzee,6,195
Chimpanzee,6,1590
Chimpanzee,6,1488
Chimpanzee,4,1587
Chimpanzee,6,1446
Chimpanzee,0,4665
Chimpanzee,0,4458
Chimpanzee,0,4503
Chimpanzee,0,4758
Chimpanzee,0,4401
Chimpanzee,0,927
Chimpanzee,6,1314
Chimpanzee,4,870
Chimpanzee,4,324
Chimpanzee,1,7044
Chimpanzee,1,7026
Chimpanzee,4,453
Chimpanzee,4,282
Chimpanzee,6,1017
Chimpanzee,6,909
Chimpanzee,6,588
Chimpanzee,0,2622
Chimpanzee,0,2994
Chimpanzee,0,3240
Chimpanzee,3,1506
Chimpanzee,6,876
Chimpanzee,6,747
Chimpanzee,6,753
Chimpanzee,3,1587
Chimpanzee,3,1662
Chimpanzee,3,1572
Chimpanzee,4,2055
Chimpanzee,4,570
Chimpanzee,0,2604
Chimpanzee,0,2238
Chimpanzee,0,2826
Chimpanzee,0,2631
Chimpanzee,0,2319
Chimpanzee,6,3159
Chimpanzee,3,1935
Chimpanzee,3,1812
Chimpanzee,3,390
Chimpanzee,3,177
Chimpanzee,4,438
Chimpanzee,4,186
Chimpanzee,3,627
Chimpanzee,3,1683
Chimpanzee,3,1848
Chimpanzee,3,1923
Chimpanzee,3,1719
Chimpanzee,6,267
Chimpanzee,6,6723
Chimpanzee,4,1260
Chimpanzee,4,243
Chimpanzee,6,1320
Chimpanzee,1,3774
Chimpanzee,1,4863
Chimpanzee,4,939
Chimpanzee,4,666
Chimpanzee,4,396
Chimpanzee,0,1716
Chimpanzee,0,1659
Chimpanzee,0,1803
Chimpanzee,0,1668
Chimpanzee,0,1596
Chimpanzee,5,3360
Chimpanzee,5,3480
Chimpanzee,5,411
Chimpanzee,5,2916
Chimpanzee,6,849
Chimpanzee,6,1842
Chimpanzee,6,759
Chimpanzee,6,708
Chimpanzee,6,816
Chimpanzee,6,510
Chimpanzee,6,780
Chimpanzee,6,693
Chimpanzee,5,2397
Chimpanzee,3,1764
Chimpanzee,3,513
Chimpanzee,6,1116
Chimpanzee,6,1128
Chimpanzee,0,1446
Chimpanzee,6,1005
Chimpanzee,6,921
Chimpanzee,6,3294
Chimpanzee,6,252
Chimpanzee,6,1023
Chimpanzee,6,996
Chimpanzee,5,2796
Chimpanzee,5,2631
Chimpanzee,5,2562
Chimpanzee,5,2448
Chimpanzee,6,2361
Chimpanzee,6,2361
Chimpanzee,6,1479
Chimpanzee,6,1497
Chimpanzee,6,1530
Chimpanzee,4,1068
Chimpanzee,4,1077
Chimpanzee,4,891
Chimpanzee,0,1389
Chimpanzee,0,1056
Chimpanzee,0,2613
Chimpanzee,0,2529
Chimpanzee,6,933
Chimpanzee,6,744
Chimpanzee,2,606
Chimpanzee,2,456
Chimpanzee,6,1197
Chimpanzee,6,2997
Chimpanzee,6,2937
Chimpanzee,6,2934
Chimpanzee,6,2697
Chimpanzee,6,477
Chimpanzee,6,1194
Chimpanzee,2,2103
Chimpanzee,2,1929
Chimpanzee,2,1836
Chimpanzee,6,1116
Chimpanzee,1,3549
Chimpanzee,1,3486
Chimpanzee,1,3240
Chimpanzee,1,3504
Chimpanzee,1,3132
Chimpanzee,1,1629
Chimpanzee,4,210
Chimpanzee,4,993
Chimpanzee,4,1086
Chimpanzee,4,966
Chimpanzee,4,1035
Chimpanzee,4,555
Chimpanzee,6,1044
Chimpanzee,6,957
Chimpanzee,6,843
Chimpanzee,6,951
Chimpanzee,6,1554
Chimpanzee,6,1557
Chimpanzee,6,804
Chimpanzee,0,4743
Chimpanzee,0,4716
Chimpanzee,0,4587
Chimpanzee,0,4539
Chimpanzee,0,4056
Chimpanzee,0,3927
Chimpanzee,0,1104
Chimpanzee,0,312
Chimpanzee,4,1665
Chimpanzee,4,1440
Chimpanzee,0,2067
Chimpanzee,0,2004
Chimpanzee,0,1164
Chimpanzee,1,1269
Chimpanzee,1,1269
Chimpanzee,2,2781
Chimpanzee,2,2736
Chimpanzee,4,1851
Chimpanzee,4,3612
Chimpanzee,4,1890
Chimpanzee,6,2286
Chimpanzee,6,2130
Chimpanzee,6,1686
Chimpanzee,6,1524
Chimpanzee,1,4062
Chimpanzee,1,3459
Chimpanzee,6,498
Chimpanzee,6,1524
Chimpanzee,6,1449
Chimpanzee,6,1389
Chimpanzee,1,4017
Chimpanzee,1,3951
Chimpanzee,1,1086
Chimpanzee,1,2202
Chimpanzee,1,1998
Chimpanzee,1,1626
Chimpanzee,1,549
Chimpanzee,4,411
Chimpanzee,4,333
Chimpanzee,4,1284
Chimpanzee,4,1335
Chimpanzee,4,405
Chimpanzee,4,1125
Chimpanzee,4,1521
Chimpanzee,6,750
Chimpanzee,6,726
Chimpanzee,0,9237
Chimpanzee,0,8622
Chimpanzee,0,9168
Chimpanzee,3,2181
Chimpanzee,5,2907
Chimpanzee,6,1149
Chimpanzee,3,1584
Chimpanzee,3,627
Chimpanzee,3,357
Chimpanzee,2,1620
Chimpanzee,2,1758
Chimpanzee,2,3939
Chimpanzee,6,1005
Chimpanzee,4,1260
Chimpanzee,4,660
Chimpanzee,4,726
Chimpanzee,1,435
Chimpanzee,1,309
Chimpanzee,1,1590
Chimpanzee,1,1530
Chimpanzee,6,1956
Chimpanzee,6,1917
Chimpanzee,6,1866
Chimpanzee,6,918
Chimpanzee,6,1419
Chimpanzee,1,1524
Chimpanzee,1,1527
Chimpanzee,1,1491
Chimpanzee,3,1911
Chimpanzee,3,2157
Chimpanzee,3,2058
Chimpanzee,3,1767
Chimpanzee,3,1332
Chimpanzee,1,4482
Chimpanzee,3,1677
Chimpanzee,3,798
Chimpanzee,6,1320
Chimpanzee,6,1296
Chimpanzee,6,1302
Chimpanzee,6,987
Chimpanzee,6,945
Chimpanzee,6,366
Chimpanzee,6,1584
Chimpanzee,6,1566
Chimpanzee,4,903
Chimpanzee,2,6648
Chimpanzee,2,5994
Chimpanzee,2,6390
Chimpanzee,2,5724
Chimpanzee,2,5724
Chimpanzee,2,2751
Chimpanzee,4,1422
Chimpanzee,4,327
Chimpanzee,4,906
Chimpanzee,6,2208
Chimpanzee,6,3549
Chimpanzee,6,1335
Chimpanzee,6,1437
Chimpanzee,4,1764
Chimpanzee,4,2568
Chimpanzee,2,429
Chimpanzee,2,411
Chimpanzee,2,513
Chimpanzee,2,222
Chimpanzee,2,210
Chimpanzee,2,201
Chimpanzee,3,2172
Chimpanzee,3,171
Chimpanzee,3,2271
Chimpanzee,3,396
Chimpanzee,3,201
Chimpanzee,6,2013
Chimpanzee,6,1539
Chimpanzee,6,1686
Chimpanzee,6,1521
Chimpanzee,6,1383
Chimpanzee,4,429
Chimpanzee,0,2445
Chimpanzee,6,1296
Chimpanzee,6,1281
Chimpanzee,0,2724
Chimpanzee,0,2652
Chimpanzee,0,2508
Chimpanzee,6,2763
Chimpanzee,6,2616
Chimpanzee,6,2259
Chimpanzee,6,2115
Chimpanzee,6,1404
Chimpanzee,0,1737
Chimpanzee,0,1641
Chimpanzee,0,1599
Chimpanzee,0,252
Chimpanzee,4,4017
Chimpanzee,4,3981
Chimpanzee,4,3951
Chimpanzee,4,396
Chimpanzee,4,393
Chimpanzee,4,1761
Chimpanzee,2,1698
Chimpanzee,2,1572
Chimpanzee,2,1626
Chimpanzee,2,1134
Chimpanzee,2,513
Chimpanzee,0,1692
Chimpanzee,1,2454
Chimpanzee,1,2595
Chimpanzee,1,2520
Chimpanzee,1,1854
Chimpanzee,1,1839
Chimpanzee,3,2019
Chimpanzee,3,2019
Chimpanzee,3,624
Chimpanzee,4,690
Chimpanzee,4,642
Chimpanzee,0,1062
Chimpanzee,3,3531
Chimpanzee,3,3534
Chimpanzee,0,2856
Chimpanzee,0,2784
Chimpanzee,0,477
Chimpanzee,2,1383
Chimpanzee,2,1371
Chimpanzee,2,1050
Chimpanzee,6,681
Chimpanzee,6,1686
Chimpanzee,6,1218
Chimpanzee,3,2061
Chimpanzee,6,1440
Chimpanzee,6,1407
Chimpanzee,6,1377
Chimpanzee,6,378
Chimpanzee,1,3009
Chimpanzee,1,3030
Chimpanzee,1,2904
Chimpanzee,1,3000
Chimpanzee,1,2958
Chimpanzee,1,2850
Chimpanzee,6,3873
Chimpanzee,6,3657
Chimpanzee,6,2856
Chimpanzee,3,1545
Chimpanzee,3,1611
Chimpanzee,1,1833
Chimpanzee,5,2766
Chimpanzee,5,2382
Chimpanzee,5,2427
Chimpanzee,3,2127
Chimpanzee,3,2250
Chimpanzee,3,2145
Chimpanzee,3,2106
Chimpanzee,3,2100
Chimpanzee,0,1323
Chimpanzee,0,1296
Chimpanzee,6,1365
Chimpanzee,4,1050
Chimpanzee,1,2568
Chimpanzee,4,900
Chimpanzee,4,1005
Chimpanzee,4,885
Chimpanzee,4,597
Chimpanzee,6,1296
Chimpanzee,6,2034
Chimpanzee,6,2346
Chimpanzee,6,2166
Chimpanzee,6,2127
Chimpanzee,4,1134
Chimpanzee,4,1143
Chimpanzee,3,3264
Chimpanzee,4,1446
Chimpanzee,4,1302
Chimpanzee,4,1263
Chimpanzee,4,1200
Chimpanzee,6,1377
Chimpanzee,6,1320
Chimpanzee,6,1005
Chimpanzee,6,894
Chimpanzee,6,1041
Chimpanzee,1,1629
Chimpanzee,1,1611
Chimpanzee,1,1611
Chimpanzee,2,621
Chimpanzee,6,1218
Chimpanzee,6,1305
Chimpanzee,6,1176
Chimpanzee,6,1077
Chimpanzee,6,432
Chimpanzee,3,3795
Chimpanzee,4,561
Chimpanzee,4,1128
Chimpanzee,6,960
Chimpanzee,6,429
Chimpanzee,6,903
Chimpanzee,2,5724
Chimpanzee,2,5697
Chimpanzee,2,5745
Chimpanzee,2,789
Chimpanzee,6,1383
Chimpanzee,6,1404
Chimpanzee,6,1365
Chimpanzee,6,1329
Chimpanzee,2,1782
Chimpanzee,2,1794
Chimpanzee,2,1788
Chimpanzee,4,1860
Chimpanzee,4,1845
Chimpanzee,4,1860
Chimpanzee,6,2655
Chimpanzee,4,1590
Chimpanzee,4,1590
Chimpanzee,4,468
Chimpanzee,4,189
Chimpanzee,5,4182
Chimpanzee,5,4032
Chimpanzee,5,3903
Chimpanzee,0,7098
Chimpanzee,3,1731
Chimpanzee,3,1710
Chimpanzee,3,1194
Chimpanzee,4,1986
Chimpanzee,3,3444
Chimpanzee,3,3540
Chimpanzee,3,3408
Chimpanzee,3,525
Chimpanzee,1,1647
Chimpanzee,1,1632
Chimpanzee,1,1677
Chimpanzee,5,3360
Chimpanzee,3,2703
Chimpanzee,3,345
Chimpanzee,3,183
Chimpanzee,3,288
Chimpanzee,3,216
Chimpanzee,3,312
Chimpanzee,4,1383
Chimpanzee,4,1743
Chimpanzee,4,1605
Chimpanzee,4,459
Chimpanzee,4,1722
Chimpanzee,6,1488
Chimpanzee,6,1560
Chimpanzee,6,1533
Chimpanzee,6,1260
Chimpanzee,6,276
Chimpanzee,2,4398
Chimpanzee,2,4359
Chimpanzee,2,1032
Chimpanzee,1,3768
Chimpanzee,1,2940
Chimpanzee,1,3657
Chimpanzee,1,3168
Chimpanzee,6,1311
Chimpanzee,6,1299
Chimpanzee,6,1311
Chimpanzee,6,1299
Chimpanzee,6,1338
Chimpanzee,6,1107
Chimpanzee,6,1245
Chimpanzee,6,1173
Chimpanzee,6,1023
Chimpanzee,1,4092
Chimpanzee,1,3927
Chimpanzee,1,3897
Chimpanzee,1,888
Chimpanzee,3,699
Chimpanzee,3,612
Chimpanzee,0,2127
Chimpanzee,0,2013
Chimpanzee,0,2259
Chimpanzee,0,2088
Chimpanzee,0,1869
Chimpanzee,3,1794
Chimpanzee,3,1878
Chimpanzee,3,1890
Chimpanzee,3,1788
Chimpanzee,3,204
Chimpanzee,3,375
Chimpanzee,6,1809
Chimpanzee,6,1881
Chimpanzee,6,1824
Chimpanzee,6,1818
Chimpanzee,6,1818
Chimpanzee,6,2022
Chimpanzee,6,1605
Chimpanzee,6,1251
Chimpanzee,3,1152
Chimpanzee,3,1152
Chimpanzee,3,663
Chimpanzee,3,171
Chimpanzee,3,318
Chimpanzee,2,447
Chimpanzee,2,522
Chimpanzee,2,264
Chimpanzee,2,420
Chimpanzee,4,1356
Chimpanzee,4,1206
Chimpanzee,3,1158
Chimpanzee,3,948
Chimpanzee,4,894
Chimpanzee,4,897
Chimpanzee,4,1278
Chimpanzee,4,1299
Chimpanzee,3,1305
Chimpanzee,3,2907
Chimpanzee,3,1248
Chimpanzee,6,1209
Chimpanzee,4,948
Chimpanzee,4,909
Chimpanzee,6,6018
Chimpanzee,6,1470
Chimpanzee,6,1860
Chimpanzee,6,1824
Chimpanzee,6,1740
Chimpanzee,6,1449
Chimpanzee,6,1227
Chimpanzee,6,1380
Chimpanzee,6,1431
Chimpanzee,6,1629
Chimpanzee,6,1455
Chimpanzee,4,1185
Chimpanzee,4,921
Chimpanzee,6,1410
Chimpanzee,6,1059
Chimpanzee,4,1815
Chimpanzee,1,2115
Chimpanzee,1,2832
Chimpanzee,1,2748
Chimpanzee,5,2616
Chimpanzee,5,2475
Chimpanzee,5,2514
Chimpanzee,5,2436
Chimpanzee,0,1767
Chimpanzee,6,372
Chimpanzee,6,933
Chimpanzee,6,3981
Chimpanzee,6,3966
Chimpanzee,6,105
Chimpanzee,6,1224
Chimpanzee,6,429
Chimpanzee,6,846
Chimpanzee,6,750
Chimpanzee,6,1017
Chimpanzee,6,504
Chimpanzee,6,540
Chimpanzee,6,8754
Chimpanzee,6,9132
Chimpanzee,3,1695
Chimpanzee,3,1314
Chimpanzee,3,1449
Chimpanzee,2,1398
Chimpanzee,2,351
Chimpanzee,6,813
Chimpanzee,6,168
Chimpanzee,6,1683
Chimpanzee,6,168
Chimpanzee,3,1425
Chimpanzee,3,1092
Chimpanzee,4,1179
Chimpanzee,4,1155
Chimpanzee,4,1380
Chimpanzee,4,1131
Chimpanzee,4,309
Chimpanzee,0,1959
Chimpanzee,0,1803
Chimpanzee,0,1581
Chimpanzee,0,1950
Chimpanzee,2,6477
Chimpanzee,2,6378
Chimpanzee,6,594
Chimpanzee,4,798
Chimpanzee,4,420
Chimpanzee,4,1386
Chimpanzee,4,1059
Chimpanzee,6,1878
Chimpanzee,6,1803
Chimpanzee,6,1536
Chimpanzee,6,1524
Chimpanzee,6,2046
Chimpanzee,6,2322
Chimpanzee,6,1995
Chimpanzee,6,1896
Chimpanzee,6,1836
Chimpanzee,6,1704
Chimpanzee,4,486
Chimpanzee,4,414
Chimpanzee,4,246
Chimpanzee,3,1158
Chimpanzee,3,1143
Chimpanzee,3,1023
Chimpanzee,3,567
Chimpanzee,3,1761
Chimpanzee,2,2265
Chimpanzee,2,2427
Chimpanzee,0,2394
Chimpanzee,0,1989
Chimpanzee,0,1509
Chimpanzee,4,7536
Chimpanzee,4,7527
Chimpanzee,6,2358
Chimpanzee,6,2265
Chimpanzee,6,1824
Chimpanzee,6,1149
Chimpanzee,6,1209
Chimpanzee,3,1521
Chimpanzee,3,1446
Chimpanzee,3,1005
Chimpanzee,3,1623
Chimpanzee,6,972
Chimpanzee,6,2004
Chimpanzee,6,1938
Chimpanzee,0,18921
Chimpanzee,0,579
Chimpanzee,3,2121
Chimpanzee,3,2127
Chimpanzee,3,2121
Chimpanzee,5,4740
Chimpanzee,5,4710
Chimpanzee,5,4701
Chimpanzee,5,3978
Chimpanzee,5,5136
Chimpanzee,5,5124
Chimpanzee,5,5073
Chimpanzee,5,4959
Chimpanzee,5,5094
Chimpanzee,5,4917
Chimpanzee,0,1632
Chimpanzee,0,906
Chimpanzee,0,1626
Chimpanzee,6,1185
Chimpanzee,6,1992
Chimpanzee,6,1992
Chimpanzee,6,1860
Chimpanzee,4,600
Chimpanzee,1,1575
Chimpanzee,1,1551
Chimpanzee,1,1620
Chimpanzee,6,1746
Chimpanzee,6,1782
Chimpanzee,6,1515
Chimpanzee,6,1602
Chimpanzee,6,273
Chimpanzee,4,1056
Chimpanzee,4,1011
Chimpanzee,4,639
Chimpanzee,6,1329
Chimpanzee,4,2112
Chimpanzee,6,2736
Chimpanzee,6,1806
Chimpanzee,6,1287
Chimpanzee,6,288
Chimpanzee,4,1218
Chimpanzee,4,1455
Chimpanzee,4,681
Chimpanzee,4,777
Chimpanzee,4,783
Chimpanzee,3,1413
Chimpanzee,0,1587
Chimpanzee,3,4539
Chimpanzee,3,4548
Chimpanzee,3,4380
Chimpanzee,4,2649
Chimpanzee,1,2814
Chimpanzee,1,2766
Chimpanzee,1,2838
Chimpanzee,5,2934
Chimpanzee,5,2682
Chimpanzee,5,2907
Chimpanzee,5,2487
Chimpanzee,5,2415
Chimpanzee,5,1383
Chimpanzee,5,1203
Chimpanzee,5,2589
Chimpanzee,5,2424
Chimpanzee,5,2406
Chimpanzee,5,2241
Chimpanzee,6,1398
Chimpanzee,6,387
Chimpanzee,6,1005
Chimpanzee,6,1008
Chimpanzee,6,375
Chimpanzee,6,690
Chimpanzee,6,546
Chimpanzee,6,408
Chimpanzee,6,321
Chimpanzee,6,1182
Chimpanzee,3,1434
Chimpanzee,2,1638
Chimpanzee,2,1974
Chimpanzee,2,1356
Chimpanzee,2,4233
Chimpanzee,2,4419
Chimpanzee,2,4377
Chimpanzee,2,4293
Chimpanzee,2,4368
Chimpanzee,2,4164
Chimpanzee,2,2421
Chimpanzee,4,2199
Chimpanzee,4,2133
Chimpanzee,6,915
Chimpanzee,6,645
Chimpanzee,6,897
Chimpanzee,4,1662
Chimpanzee,4,1731
Chimpanzee,4,1521
Chimpanzee,4,1071
Chimpanzee,4,1455
Chimpanzee,4,1503
Chimpanzee,4,1500
Chimpanzee,4,1800
Chimpanzee,4,1656
Chimpanzee,4,1779
Chimpanzee,5,2343
Chimpanzee,1,3417
Chimpanzee,1,1140
Chimpanzee,6,1245
Chimpanzee,6,903
Chimpanzee,0,1200
Chimpanzee,6,1878
Chimpanzee,1,1986
Chimpanzee,6,231
Chimpanzee,6,522
Chimpanzee,6,234
Chimpanzee,0,4161
Chimpanzee,0,4041
Chimpanzee,0,4032
Chimpanzee,6,675
Chimpanzee,6,588
Chimpanzee,2,2343
Chimpanzee,2,1176
Chimpanzee,2,1953
Chimpanzee,0,1143
Chimpanzee,0,1116
Chimpanzee,4,1374
Chimpanzee,4,1503
Chimpanzee,6,852
Chimpanzee,6,822
Chimpanzee,6,912
Chimpanzee,6,924
Chimpanzee,6,900
Chimpanzee,6,771
Chimpanzee,6,1161
Chimpanzee,6,1341
Chimpanzee,6,1344
Chimpanzee,6,1158
Chimpanzee,6,1050
Chimpanzee,6,1257
Chimpanzee,2,1308
Chimpanzee,0,1191
Chimpanzee,0,1428
Chimpanzee,0,1041
Chimpanzee,0,1254
Chimpanzee,0,963
Chimpanzee,1,2040
Chimpanzee,1,2028
Chimpanzee,3,3192
Chimpanzee,3,3297
Chimpanzee,1,3159
Chimpanzee,1,3291
Chimpanzee,1,3342
Chimpanzee,1,3261
Chimpanzee,1,3198
Chimpanzee,1,3174
Chimpanzee,1,3021
Chimpanzee,1,2757
Chimpanzee,1,375
Chimpanzee,2,5847
Chimpanzee,2,5733
Chimpanzee,2,5718
Chimpanzee,2,4518
Chimpanzee,2,5613
Chimpanzee,2,5664
Chimpanzee,2,5715
Chimpanzee,2,387
Chimpanzee,1,2082
Chimpanzee,1,1980
Chimpanzee,1,1452
Chimpanzee,6,1440
Chimpanzee,6,1356
Chimpanzee,6,1461
Chimpanzee,6,1392
Chimpanzee,6,1371
Chimpanzee,6,1410
Chimpanzee,6,1407
Chimpanzee,6,663
Chimpanzee,3,1434
Chimpanzee,3,753
Chimpanzee,3,750
Chimpanzee,6,330
Chimpanzee,6,207
Chimpanzee,6,225
Chimpanzee,6,300
Chimpanzee,6,1170
Chimpanzee,6,2748
Chimpanzee,6,216
Chimpanzee,5,2418
Chimpanzee,3,1443
Chimpanzee,3,201
Chimpanzee,3,693
Chimpanzee,3,942
Chimpanzee,3,840
Chimpanzee,3,693
Chimpanzee,4,996
Chimpanzee,5,852
Chimpanzee,5,870
Chimpanzee,6,927
Chimpanzee,6,873
Chimpanzee,6,975
Chimpanzee,6,1308
Chimpanzee,6,1296
Chimpanzee,6,1128
Chimpanzee,6,1116
Chimpanzee,6,1299
Chimpanzee,6,1230
Chimpanzee,5,852
Chimpanzee,5,855
Chimpanzee,5,405
Chimpanzee,5,303
Chimpanzee,5,1539
Chimpanzee,5,1692
Chimpanzee,6,717
Chimpanzee,6,1353
Chimpanzee,6,1356
Chimpanzee,3,2328
Chimpanzee,3,2256
Chimpanzee,3,2355
Chimpanzee,3,204
Chimpanzee,4,513
Chimpanzee,4,1707
Chimpanzee,2,2409
Chimpanzee,2,2382
Chimpanzee,2,2394
Chimpanzee,6,1977
Chimpanzee,6,1965
Chimpanzee,6,1956
Chimpanzee,6,2022
Chimpanzee,6,1911
Chimpanzee,6,1344
Chimpanzee,6,1518
Chimpanzee,6,435
Chimpanzee,6,1518
Chimpanzee,6,1170
Chimpanzee,6,1092
Chimpanzee,6,732
Chimpanzee,6,852
Chimpanzee,6,711
Chimpanzee,1,1896
Chimpanzee,1,1830
Chimpanzee,1,156
Chimpanzee,4,1452
Chimpanzee,0,1392
Chimpanzee,0,1689
Chimpanzee,0,1773
Chimpanzee,0,1665
Chimpanzee,0,1431
Chimpanzee,0,4569
Chimpanzee,0,2187
Chimpanzee,6,843
Chimpanzee,1,2472
Chimpanzee,1,2892
Chimpanzee,0,2859
Chimpanzee,6,996
Chimpanzee,4,1545
Chimpanzee,1,3246
Chimpanzee,1,3375
Chimpanzee,1,2931
Chimpanzee,1,1407
Chimpanzee,1,3354
Chimpanzee,1,3357
Chimpanzee,6,1233
Chimpanzee,6,567
Chimpanzee,6,369
Chimpanzee,0,3669
Chimpanzee,0,3666
Chimpanzee,0,3753
Chimpanzee,0,3750
Chimpanzee,0,3558
Chimpanzee,0,3648
Chimpanzee,1,2334
Chimpanzee,6,2244
Chimpanzee,6,2256
Chimpanzee,6,2358
Chimpanzee,6,2088
Chimpanzee,6,2241
Chimpanzee,6,2223
Chimpanzee,0,2901
Chimpanzee,0,3054
Chimpanzee,0,3012
Chimpanzee,0,3006
Chimpanzee,0,2982
Chimpanzee,0,2988
Chimpanzee,0,2913
Chimpanzee,0,2913
Chimpanzee,0,2889
Chimpanzee,0,2811
Chimpanzee,4,1638
Chimpanzee,4,1614
Chimpanzee,4,1764
Chimpanzee,4,1686
Chimpanzee,4,1128
Chimpanzee,4,1098
Chimpanzee,0,1731
Chimpanzee,0,1683
Chimpanzee,0,1953
Chimpanzee,3,966
Chimpanzee,3,657
Chimpanzee,5,3315
Chimpanzee,5,3243
Chimpanzee,5,2718
Chimpanzee,5,1305
Chimpanzee,6,1851
Chimpanzee,6,2736
Chimpanzee,6,2187
Chimpanzee,6,1200
Chimpanzee,4,1110
Chimpanzee,4,969
Chimpanzee,4,984
Chimpanzee,0,2733
Chimpanzee,0,2142
Chimpanzee,0,2130
Chimpanzee,0,657
Chimpanzee,6,6330
Chimpanzee,6,1275
Chimpanzee,4,1116
Chimpanzee,4,1092
Chimpanzee,3,939
Chimpanzee,3,966
Chimpanzee,0,1842
Chimpanzee,1,1614
Chimpanzee,1,1605
Chimpanzee,1,1449
Chimpanzee,1,1215
Chimpanzee,5,1197
Chimpanzee,3,1932
Chimpanzee,3,687
Chimpanzee,4,1152
Chimpanzee,1,1584
Chimpanzee,1,549
Chimpanzee,0,1074
Chimpanzee,5,1944
Chimpanzee,5,2001
Chimpanzee,6,987
Chimpanzee,3,2001
Chimpanzee,3,690
Dog,4,204
Dog,4,681
Dog,6,1044
Dog,6,1044
Dog,0,966
Dog,6,483
Dog,0,1515
Dog,0,1095
Dog,0,1113
Dog,0,996
Dog,0,1083
Dog,6,819
Dog,6,1071
Dog,0,939
Dog,0,1083
Dog,0,1002
Dog,6,273
Dog,0,1038
Dog,0,1026
Dog,0,1008
Dog,0,1098
Dog,0,960
Dog,6,585
Dog,0,1410
Dog,0,1122
Dog,0,1071
Dog,6,1041
Dog,0,1329
Dog,0,1089
Dog,6,459
Dog,0,1182
Dog,0,1005
Dog,0,1020
Dog,0,1263
Dog,0,1041
Dog,0,993
Dog,3,1782
Dog,0,1068
Dog,6,723
Dog,0,1143
Dog,6,1131
Dog,0,978
Dog,6,543
Dog,0,1020
Dog,6,504
Dog,0,1092
Dog,0,906
Dog,3,2052
Dog,3,2094
Dog,6,1521
Dog,6,1464
Dog,6,780
Dog,6,1317
Dog,4,1053
Dog,0,1773
Dog,0,1014
Dog,4,795
Dog,2,2274
Dog,0,1698
Dog,0,1248
Dog,0,1017
Dog,0,1302
Dog,6,522
Dog,0,1119
Dog,6,1026
Dog,0,1008
Dog,0,3588
Dog,5,1611
Dog,5,1596
Dog,6,1449
Dog,4,2214
Dog,6,1410
Dog,0,1515
Dog,0,2883
Dog,3,1158
Dog,6,915
Dog,3,1305
Dog,6,1440
Dog,6,1260
Dog,6,504
Dog,6,1161
Dog,6,1146
Dog,4,1602
Dog,6,2292
Dog,4,450
Dog,1,1584
Dog,4,627
Dog,0,1260
Dog,0,1212
Dog,0,1215
Dog,6,2178
Dog,4,918
Dog,4,909
Dog,6,1311
Dog,6,1278
Dog,6,1410
Dog,6,1845
Dog,6,1875
Dog,4,1659
Dog,6,8529
Dog,6,8148
Dog,3,1065
Dog,3,945
Dog,3,408
Dog,3,1548
Dog,0,1635
Dog,6,1428
Dog,3,1122
Dog,3,1215
Dog,6,489
Dog,4,1263
Dog,4,1299
Dog,5,2385
Dog,6,915
Dog,6,1014
Dog,1,1626
Dog,5,3345
Dog,2,3813
Dog,2,2802
Dog,1,3558
Dog,4,1266
Dog,2,2256
Dog,6,747
Dog,3,1932
Dog,3,1980
Dog,6,1356
Dog,6,1275
Dog,6,5880
Dog,3,1488
Dog,3,1353
Dog,6,1860
Dog,6,318
Dog,6,606
Dog,3,1542
Dog,6,1455
Dog,6,1326
Dog,2,1782
Dog,0,2427
Dog,0,2787
Dog,6,1440
Dog,6,3153
Dog,3,1656
Dog,3,1725
Dog,3,1725
Dog,0,1152
Dog,0,1785
Dog,4,1878
Dog,6,2766
Dog,6,2733
Dog,5,2394
Dog,1,3396
Dog,1,3450
Dog,0,18906
Dog,0,4587
Dog,0,3075
Dog,4,1194
Dog,0,1842
Dog,4,1080
Dog,0,3987
Dog,0,3588
Dog,3,1695
Dog,4,1239
Dog,6,1293
Dog,0,1329
Dog,6,519
Dog,6,582
Dog,3,2712
Dog,4,1002
Dog,0,2541
Dog,6,1698
Dog,6,1557
Dog,1,3417
Dog,2,4440
Dog,2,7002
Dog,2,3255
Dog,3,1359
Dog,6,819
Dog,2,3210
Dog,2,3177
Dog,2,4308
Dog,6,1137
Dog,0,1053
Dog,0,2070
Dog,6,1404
Dog,6,1440
Dog,0,1650
Dog,0,8988
Dog,1,7032
Dog,6,1425
Dog,5,2394
Dog,5,2277
Dog,6,1200
Dog,0,1734
Dog,6,2301
Dog,0,1026
Dog,0,1005
Dog,4,954
Dog,0,4002
Dog,0,4005
Dog,3,957
Dog,4,411
Dog,0,1035
Dog,0,1002
Dog,6,579
Dog,6,2208
Dog,5,4944
Dog,5,1134
Dog,3,936
Dog,4,909
Dog,1,2601
Dog,0,1074
Dog,6,3366
Dog,5,1860
Dog,6,2241
Dog,6,1833
Dog,4,4503
Dog,4,1407
Dog,2,531
Dog,2,3906
Dog,2,4164
Dog,4,462
Dog,6,1569
Dog,4,1800
Dog,4,2112
Dog,2,522
Dog,1,4881
Dog,3,1200
Dog,6,1698
Dog,0,1542
Dog,6,213
Dog,2,828
Dog,3,2823
Dog,0,4044
Dog,0,3855
Dog,6,843
Dog,0,1941
Dog,6,828
Dog,4,1242
Dog,3,3423
Dog,1,1530
Dog,1,1617
Dog,4,1743
Dog,6,1992
Dog,4,1098
Dog,4,882
Dog,6,1956
Dog,3,582
Dog,3,2211
Dog,2,1788
Dog,2,2781
Dog,1,1518
Dog,1,1527
Dog,3,6687
Dog,3,6489
Dog,4,2211
Dog,3,1680
Dog,0,1290
Dog,3,2496
Dog,5,2934
Dog,5,2841
Dog,5,1206
Dog,5,1023
Dog,5,855
Dog,5,852
Dog,5,876
Dog,2,1551
Dog,2,1659
Dog,4,1008
Dog,4,1173
Dog,6,1320
Dog,4,1521
Dog,4,1692
Dog,6,813
Dog,6,726
Dog,6,627
Dog,0,2190
Dog,3,1179
Dog,3,2097
Dog,4,1866
Dog,3,1506
Dog,0,4251
Dog,0,4212
Dog,6,618
Dog,0,3858
Dog,0,2187
Dog,6,1086
Dog,6,1209
Dog,1,2472
Dog,5,1230
Dog,5,2922
Dog,0,2547
Dog,0,2052
Dog,6,2565
Dog,6,2652
Dog,1,3750
Dog,1,3213
Dog,1,3216
Dog,4,1701
Dog,2,744
Dog,2,5766
Dog,3,1740
Dog,4,2562
Dog,3,2133
Dog,4,2295
Dog,4,351
Dog,1,1968
Dog,4,1053
Dog,4,990
Dog,3,1878
Dog,1,3375
Dog,6,2037
Dog,1,1980
Dog,2,3117
Dog,2,2643
Dog,2,2154
Dog,5,2199
Dog,0,1197
Dog,0,2796
Dog,6,396
Dog,6,1650
Dog,6,1179
Dog,6,1131
Dog,4,1125
Dog,3,1743
Dog,3,1707
Dog,4,1182
Dog,5,630
Dog,5,2757
Dog,6,990
Dog,6,1005
Dog,0,2718
Dog,4,909
Dog,1,1539
Dog,2,504
Dog,4,1767
Dog,4,1659
Dog,3,2328
Dog,4,735
Dog,4,858
Dog,0,4755
Dog,0,4665
Dog,6,978
Dog,0,4698
Dog,5,2541
Dog,4,2079
Dog,4,1665
Dog,4,1815
Dog,4,1815
Dog,0,1695
Dog,5,2175
Dog,3,2922
Dog,3,2949
Dog,6,2775
Dog,6,2841
Dog,6,3399
Dog,6,645
Dog,6,684
Dog,3,1527
Dog,4,1386
Dog,4,1188
Dog,2,2940
Dog,2,2910
Dog,3,1767
Dog,6,1383
Dog,0,1680
Dog,0,1665
Dog,2,1629
Dog,6,3000
Dog,4,1383
Dog,4,1482
Dog,6,1197
Dog,2,2382
Dog,4,1455
Dog,4,456
Dog,4,450
Dog,0,2496
Dog,6,978
Dog,6,498
Dog,6,1005
Dog,0,2124
Dog,6,1314
Dog,3,1575
Dog,2,3669
Dog,2,2694
Dog,4,1776
Dog,0,1920
Dog,6,1323
Dog,4,1137
Dog,6,3396
Dog,4,4398
Dog,4,4314
Dog,4,1899
Dog,6,3387
Dog,6,3372
Dog,6,3021
Dog,4,582
Dog,6,3975
Dog,6,3975
Dog,6,3597
Dog,2,3564
Dog,6,888
Dog,6,1860
Dog,6,1191
Dog,6,1071
Dog,6,2289
Dog,5,1698
Dog,6,2595
Dog,0,1905
Dog,0,1575
Dog,0,1590
Dog,5,2778
Dog,5,2646
Dog,5,2433
Dog,4,2202
Dog,6,1977
Dog,6,1305
Dog,6,1587
Dog,6,1554
Dog,1,2589
Dog,1,2649
Dog,6,1821
Dog,6,1779
Dog,1,3030
Dog,4,507
Dog,1,2751
Dog,1,2241
Dog,3,2265
Dog,6,3558
Dog,6,3435
Dog,1,1884
Dog,3,1803
Dog,2,4329
Dog,2,4284
Dog,0,1926
Dog,0,1848
Dog,4,771
Dog,3,2394
Dog,0,1056
Dog,0,1164
Dog,5,3477
Dog,0,2088
Dog,1,1902
Dog,1,846
Dog,1,795
Dog,3,1083
Dog,0,2391
Dog,2,915
Dog,2,1218
Dog,2,3651
Dog,3,1686
Dog,1,2391
Dog,6,2733
Dog,3,1749
Dog,3,1920
Dog,6,1008
Dog,6,1008
Dog,6,1506
Dog,6,2001
Dog,5,6087
Dog,5,4116
Dog,4,1248
Dog,6,1779
Dog,4,1614
Dog,6,1260
Dog,6,1182
Dog,6,327
Dog,2,2682
Dog,5,7545
Dog,5,7563
Dog,0,4407
Dog,0,4557
Dog,3,2697
Dog,6,1719
Dog,5,852
Dog,5,891
Dog,1,342
Dog,1,336
Dog,1,2463
Dog,6,477
Dog,6,1044
Dog,6,936
Dog,6,1143
Dog,1,2991
Dog,1,2994
Dog,2,3513
Dog,6,1392
Dog,6,1752
Dog,4,2100
Dog,6,1308
Dog,1,2349
Dog,3,1635
Dog,3,1557
Dog,6,378
Dog,1,4059
Dog,2,2427
Dog,6,1353
Dog,4,1443
Dog,4,1371
Dog,0,1548
Dog,6,1875
Dog,6,1878
Dog,6,1860
Dog,4,903
Dog,6,1665
Dog,6,1584
Dog,6,471
Dog,6,2064
Dog,6,1104
Dog,2,4311
Dog,2,4338
Dog,6,1020
Dog,6,1149
Dog,6,1062
Dog,4,1725
Dog,4,7557
Dog,1,4014
Dog,6,723
Dog,6,1257
Dog,6,849
Dog,2,6819
Dog,2,3189
Dog,1,4515
Dog,1,4482
Dog,3,2958
Dog,6,1416
Dog,6,1236
Dog,2,5694
Dog,2,5718
Dog,2,2247
Dog,2,2370
Dog,0,3489
Dog,6,1152
Dog,4,1098
Dog,1,4266
Dog,1,4062
Dog,6,420
Dog,1,3783
Dog,3,3795
Dog,3,3795
Dog,4,1080
Dog,4,1092
Dog,4,1692
Dog,4,1848
Dog,6,2745
Dog,6,984
Dog,1,2844
Dog,1,2766
Dog,1,2625
Dog,5,2298
Dog,1,3159
Dog,1,3207
Dog,2,6648
Dog,2,6624
Dog,6,1275
Dog,6,558
Dog,4,717
Dog,4,726
Dog,0,1770
Dog,6,1689
Dog,3,1122
Dog,5,2586
Dog,4,1422
Dog,1,2982
Dog,1,2988
Dog,1,2925
Dog,3,2409
Dog,5,1518
Dog,6,2028
Dog,6,2109
Dog,6,1905
Dog,6,1752
Dog,5,2727
Dog,5,3510
Dog,6,1008
Dog,3,2175
Dog,6,1296
Dog,6,1320
Dog,4,1527
Dog,6,1782
Dog,4,1761
Dog,0,2898
Dog,1,1503
Dog,0,1077
Dog,3,2172
Dog,4,1365
Dog,6,1233
Dog,4,3471
Dog,4,3474
Dog,4,3474
Dog,6,2634
Dog,1,4011
Dog,1,4110
Dog,5,1581
Dog,5,1680
Dog,2,7473
Dog,6,1392
Dog,6,3780
Dog,6,4320
Dog,4,1839
Dog,0,1662
Dog,3,2163
Dog,6,1053
Dog,3,2157
Dog,6,1092
Dog,6,816
Dog,3,3231
Dog,3,3189
Dog,6,609
Dog,6,1314
Dog,6,1311
Dog,4,1581
Dog,6,1887
Dog,6,1839
Dog,6,1845
Dog,4,1617
Dog,4,3636
Dog,4,3618
Dog,3,2106
Dog,3,2142
Dog,6,2367
Dog,3,1077
Dog,4,4026
Dog,6,510
Dog,6,2199
Dog,4,1350
Dog,1,1992
Dog,5,7053
Dog,5,8322
Dog,6,975
Dog,0,2373
Dog,0,2610
Dog,4,819
Dog,6,1008
Dog,6,3024
Dog,0,2523
Dog,0,2493
Dog,0,1959
Dog,6,1017
Dog,4,1812
Dog,4,1245
Dog,6,471
Dog,6,645
Dog,6,678
Dog,3,1434
Dog,4,1254
Dog,4,540
Dog,4,2745
Dog,6,876
Dog,3,3789
Dog,2,5673
Dog,5,5601
Dog,6,648
Dog,1,1656
Dog,3,1425
Dog,0,1137
Dog,2,2016
Dog,6,1560
Dog,4,1110
Dog,4,1335
Dog,5,3315
Dog,0,1647
Dog,4,1515
Dog,4,1512
Dog,4,1203
Dog,4,315
Dog,6,1518
Dog,5,2589
Dog,6,741
Dog,6,1035
Dog,6,3558
Dog,6,1410
Dog,2,1377
Dog,2,1083
Dog,1,1527
Dog,1,1401
Dog,4,1197
Dog,4,1314
Dog,3,1737
Dog,5,2448
Dog,5,2217
Dog,1,3126
Dog,5,5124
Dog,4,2109
Dog,0,1431
Dog,6,1038
Dog,0,1272
Dog,1,2928
Dog,1,2892
Dog,6,1716
Dog,6,1344
Dog,6,1146
Dog,6,519
Dog,6,1110
Dog,1,1893
Dog,3,2589
Dog,4,1089
Dog,3,1530
Dog,5,2376
Dog,1,3093
Dog,0,1824
Dog,6,528
Dog,6,783
Dog,6,540
Dog,4,330
Dog,1,1611
Dog,5,1905
Dog,5,2523
Dog,4,2409
Dog,0,7140
Dog,0,5673
Dog,6,1365
Dog,2,2742
Dog,6,507
Dog,3,3531
Dog,6,768
Dog,6,765
Dog,0,1065
Dog,3,957
Dog,3,333
Dog,3,2859
Dog,3,2907
Dog,4,1293
Dog,6,3771
Dog,6,3792
Dog,0,1947
Dog,4,1752
Dog,4,1428
Dog,4,1185
Dog,6,2244
Dog,1,1725
Dog,3,1521
Dog,0,2622
Dog,4,2100
Dog,4,1992
Dog,1,1839
Dog,1,1668
Dog,1,3111
Dog,6,1647
Dog,4,1599
Dog,2,1248
Dog,2,1047
Dog,3,1443
Dog,1,2469
Dog,4,2025
Dog,4,2118
Dog,1,1614
Dog,1,1113
Dog,6,1359
Dog,6,1206
Dog,5,1617
Dog,5,885
Dog,6,951
Dog,3,1959
Dog,4,1143
Dog,6,798
Dog,6,546
Dog,6,546
Dog,6,816
Dog,3,1839
Dog,6,1383
Dog,6,1971
Dog,6,1584
Dog,2,4110
Dog,2,4287
Dog,6,2991
Dog,6,1953
Dog,3,4530
Dog,2,1284
Dog,4,1662
Dog,4,1437
Dog,4,1671
Dog,6,1233
Dog,6,6714
Dog,4,1059
Dog,6,1641
Dog,6,1563
Dog,6,1113
Dog,6,1416
Dog,6,1395
Dog,3,2106
Dog,3,2100
Dog,5,2418
Dog,2,3927
Dog,2,3903
Dog,3,1431
Dog,0,3693
Dog,0,1191
Dog,0,1266
Dog,6,1224
Dog,6,1341
Dog,3,2016
Dog,3,609
Dog,3,519
Dog,5,3351
Dog,6,828
Dog,6,1257
Dog,1,891
Dog,1,885
Dog,0,2682
Dog,6,807
Dog,6,6930
Dog,6,6768
Dog,4,744
Dog,5,1995
Dog,6,1041
Dog,3,1080
Dog,0,1269
Dog,4,1449
Dog,6,6375
Dog,4,1575
Dog,4,1653
Dog,6,1353
Dog,6,1350
Dog,3,2013
Dog,5,3081
Dog,5,3633
Dog,6,1563
Dog,6,2469
Dog,1,2670
Dog,6,1509
